id_empresa,nome_fantasia,regiao_administrativa_df,setor,porte,genero_proprietario,idade_proprietario,area_desafio_mapeado,solucao_proposta,data_entrada_programa,data_fim_ciclo,pessoas_ocupadas_inicial,faturamento_bruto_mensal_inicial,custos_variaveis_mensal_inicial,produtividade_inicial,pessoas_ocupadas_final,faturamento_bruto_mensal_final,custos_variaveis_mensal_final,produtividade_final,percentual_implementacao_solucao,nps_atendimento
1,Armarinhos Bandeirante,Guará,Comércio,EPP,Feminino,28,Finanças,Plano de redução e renegociação de custos fixos,2025-05-04,2025-11-02,40,62614.92,41442.73,529.3,40,71694.54,45710.05,649.61,66.2,10
2,Escritório Ipê Amarelo,Recanto das Emas,Serviço,EPP,Feminino,72,Finanças,Capacitação em gestão de capital de giro,2026-01-27,2026-07-28,25,58040.31,14577.54,1738.51,24,39765.86,11932.23,1159.73,17.4,3
3,Salão das Águas Claras,Ceilândia,Serviço,ME,Masculino,29,Marketing,Plano de captação de clientes via marketing local,2025-08-18,2026-02-16,5,7733.31,2528.64,1040.93,5,8203.29,2730.3,1094.6,46.1,9
4,Espaço Candango,Taguatinga,Serviço,ME,Feminino,73,Comercial,Criação de script de atendimento comercial,2025-07-19,2026-01-17,9,8579.82,3766.49,534.81,9,10174.15,4066.54,678.62,76.2,10
5,Consultoria Bandeirante,Recanto das Emas,Serviço,ME,Masculino,46,Operações,Implementação de controle de estoque,2024-06-19,2024-12-18,5,6636.52,2687.59,789.79,4,4806.32,2186.73,654.9,10.9,4
6,Academia do Planalto,Plano Piloto,Serviço,ME,Masculino,27,Pessoas,Programa de treinamento e desenvolvimento de colaboradores,2025-06-24,2025-12-23,8,2437.83,970.65,183.4,7,2017.28,884.6,161.81,23.1,5
7,Mercadinho Ipê Amarelo,Vicente Pires,Comércio,EPP,Masculino,32,Finanças,Implementação de fluxo de caixa semanal,2024-11-23,2025-05-24,25,53557.71,32718.57,833.57,25,53774.04,32592.61,847.26,53.2,7
8,Pet Shop Bandeirante,Santa Maria,Comércio,ME,Feminino,27,Pessoas,Estruturação de processo seletivo e onboarding,2025-06-02,2025-12-01,1,13565.73,8785.64,4780.08,1,10786.08,7161.8,3624.28,39.1,7
9,Empório Ipê Amarelo,Águas Claras,Comércio,EPP,Masculino,43,Comercial,Implementação de funil de vendas estruturado,2025-05-16,2025-11-14,20,34758.87,24988.31,488.53,20,33343.56,24325.95,450.88,42.9,7
10,Assessoria JK,Santa Maria,Serviço,EPP,Masculino,29,Finanças,Consultoria em precificação e formação de preço de venda,2024-08-06,2025-02-04,16,80033.87,34096.92,2871.06,15,71493.03,30147.26,2756.38,52.9,6
11,Escritório Buriti,Núcleo Bandeirante,Serviço,ME,Feminino,63,Operações,Padronização de processos operacionais,2025-03-09,2025-09-07,9,29816.72,11691.39,2013.93,9,34339.16,12759.01,2397.79,63.7,10
12,Oficina Talento DF,Águas Claras,Serviço,ME,Feminino,29,Finanças,Capacitação em gestão de capital de giro,2025-04-10,2025-10-09,1,10672.81,3642.72,7030.09,1,12313.53,3855.47,8458.06,68.8,9
13,Boutique Meridiano,Recanto das Emas,Comércio,ME,Feminino,52,Marketing,Plano de captação de clientes via marketing local,2024-06-30,2024-12-29,8,11069.95,6250.46,602.44,8,11270.78,6262.42,626.05,56.0,7
14,Boutique Sol Nascente,Vicente Pires,Comércio,ME,Feminino,25,Operações,Implementação de controle de estoque,2025-11-02,2026-05-03,2,7169.86,4114.57,1527.64,2,8714.77,4500.49,2107.14,88.3,9
15,Assessoria Talento DF,Samambaia,Serviço,ME,Masculino,70,Finanças,Consultoria em precificação e formação de preço de venda,2025-12-24,2026-06-24,2,16024.44,4007.05,6008.7,2,18541.09,4494.52,7023.28,55.1,8
16,Distribuidora Lago Sul,Riacho Fundo,Comércio,EPP,Masculino,32,Operações,Consultoria em gestão da qualidade,2024-06-13,2024-12-12,31,51265.6,31879.0,625.37,31,47783.52,29871.39,577.81,47.8,4
17,Estúdio Alvorada,Ceilândia,Serviço,ME,Masculino,43,Finanças,Consultoria em precificação e formação de preço de venda,2024-08-13,2025-02-11,1,7813.7,1989.97,5823.73,1,9691.9,2378.17,7313.73,56.2,7
18,Espaço JK,Recanto das Emas,Serviço,ME,Masculino,44,Operações,Plano de melhoria de layout e fluxo logístico/produtivo,2024-08-17,2025-02-15,1,9391.2,3164.88,6226.33,1,8137.49,2962.08,5175.41,32.0,4
19,Escritório Talento DF,Sobradinho,Serviço,EPP,Masculino,32,Finanças,Separação financeira entre pessoa física e jurídica,2025-02-25,2025-08-26,41,30001.0,11085.62,461.35,42,40577.37,12315.57,672.9,94.0,10
20,Escritório Meridiano,Recanto das Emas,Serviço,ME,Masculino,50,Finanças,Separação financeira entre pessoa física e jurídica,2025-06-02,2025-12-01,1,3127.74,1154.69,1973.06,1,3046.57,1159.91,1886.66,42.3,6
21,Mercadinho Sol Nascente,Planaltina,Comércio,ME,Masculino,29,Comercial,Consultoria em negociação com fornecedores e clientes,2024-10-26,2025-04-26,6,5823.12,3849.43,328.95,6,6360.4,4113.01,374.56,59.6,5
22,Papelaria Brasília,Recanto das Emas,Comércio,EPP,Feminino,38,Operações,Implementação de controle de estoque,2025-10-30,2026-04-30,14,33956.9,20212.31,981.76,14,36505.08,21614.08,1063.64,52.1,5
23,Studio Talento DF,Taguatinga,Serviço,ME,Masculino,43,Finanças,Separação financeira entre pessoa física e jurídica,2024-12-07,2025-06-07,1,9972.72,3528.73,6444.0,2,13682.8,4110.83,4785.99,85.6,9
24,Academia JK,Taguatinga,Serviço,ME,Feminino,38,Operações,Padronização de processos operacionais,2024-12-05,2025-06-05,7,13787.59,6148.81,1091.25,6,12268.35,5467.6,1133.46,50.2,6
25,Mercadinho Cristal,Samambaia,Comércio,ME,Masculino,22,Finanças,Consultoria em precificação e formação de preço de venda,2025-05-25,2025-11-23,4,14018.89,8957.0,1265.47,4,16613.34,10088.84,1631.12,71.1,7
26,Fábrica Buriti,Gama,Indústria,EPP,Masculino,25,Comercial,Treinamento de técnicas de vendas para a equipe,2025-11-14,2026-05-15,21,30001.0,18747.58,535.88,21,30594.81,19251.73,540.15,47.1,6
27,Loja Sol Nascente,Águas Claras,Comércio,ME,Masculino,28,Comercial,Implementação de funil de vendas estruturado,2024-10-30,2025-04-30,7,3101.65,1942.5,165.59,7,3611.33,2157.7,207.66,69.2,9
28,Oficina Alvorada,Samambaia,Serviço,ME,Feminino,27,Finanças,Implementação de fluxo de caixa semanal,2024-12-23,2025-06-23,9,3296.21,1234.79,229.05,9,3995.5,1442.81,283.63,59.0,8
29,Ótica Meridiano,Riacho Fundo,Comércio,ME,Masculino,29,Pessoas,Definição de rotinas e organograma da equipe,2024-12-24,2025-06-24,6,11358.02,7341.46,669.43,6,14296.68,8899.94,899.46,65.9,9
30,Estúdio do Planalto,Plano Piloto,Serviço,ME,Feminino,65,Comercial,Treinamento de técnicas de vendas para a equipe,2025-03-11,2025-09-09,4,5110.8,1981.58,782.3,4,6444.02,2247.19,1049.21,76.0,6
31,Indústria Candango,Águas Claras,Indústria,EPP,Masculino,42,Marketing,Estruturação de presença em redes sociais,2025-02-17,2025-08-18,87,44962.09,28302.54,191.49,87,62130.19,34561.51,316.88,98.8,10
32,Assessoria Ipê Amarelo,Águas Claras,Serviço,ME,Feminino,39,Marketing,Consultoria em posicionamento de marca,2026-01-03,2026-07-04,4,13683.59,4627.52,2264.02,3,10139.61,3873.13,2088.83,20.8,6
33,Empório Candango,Taguatinga,Comércio,EPP,Masculino,36,Comercial,Criação de script de atendimento comercial,2024-08-29,2025-02-27,34,78347.12,54958.93,687.89,34,81997.77,57532.09,719.58,49.9,6
34,Consultoria Meridiano,Santa Maria,Serviço,ME,Masculino,30,Marketing,Plano de captação de clientes via marketing local,2025-02-10,2025-08-11,5,3008.2,1283.02,345.04,5,2766.57,1287.03,295.91,24.2,6
35,Salão Ipê Amarelo,Águas Claras,Serviço,ME,Feminino,35,Pessoas,Definição de rotinas e organograma da equipe,2024-11-02,2025-05-03,7,7541.31,3076.17,637.88,7,8097.8,2969.13,732.67,77.5,7
36,Distribuidora Buriti,Ceilândia,Comércio,EPP,Feminino,33,Marketing,Estruturação de presença em redes sociais,2025-06-01,2025-11-30,30,40578.15,22517.27,602.03,31,54021.25,27562.25,853.52,79.8,9
37,Papelaria Ipê Amarelo,Núcleo Bandeirante,Comércio,ME,Masculino,32,Marketing,Plano de captação de clientes via marketing local,2025-09-20,2026-03-21,5,7837.34,4310.83,705.3,5,8458.54,4477.43,796.22,63.8,7
38,Escritório do Cerrado,Sobradinho,Serviço,ME,Feminino,37,Marketing,Estruturação de presença em redes sociais,2025-12-23,2026-06-23,4,10673.05,4553.04,1530.0,4,7492.07,3475.89,1004.05,25.1,5
39,Cerâmica Buriti,Santa Maria,Indústria,EPP,Feminino,37,Marketing,Plano de captação de clientes via marketing local,2025-02-22,2025-08-23,43,102599.95,61135.48,964.29,43,91727.81,57353.97,799.39,30.4,5
40,Pet Shop Meridiano,São Sebastião,Comércio,ME,Feminino,55,Comercial,Plano de expansão de canais de venda,2024-11-09,2025-05-10,5,4309.17,3195.8,222.68,5,5202.84,3739.94,292.58,65.2,9
41,Oficina Meridiano,Riacho Fundo,Serviço,ME,Feminino,28,Marketing,Consultoria em posicionamento de marca,2026-01-09,2026-07-10,1,2458.09,758.31,1699.78,1,2591.24,785.39,1805.84,53.6,8
42,Oficina Buriti,Plano Piloto,Serviço,EPP,Masculino,35,Comercial,Consultoria em negociação com fornecedores e clientes,2024-07-27,2025-01-25,23,56192.12,22903.55,1447.33,23,64898.69,23502.65,1799.83,80.3,10
43,Oficina Cristal,Recanto das Emas,Serviço,ME,Masculino,34,Operações,Mapeamento e otimização de processos internos,2024-08-20,2025-02-18,1,8865.84,3637.69,5228.14,1,8262.7,3750.89,4511.81,20.9,7
44,Papelaria Candango,Recanto das Emas,Comércio,ME,Feminino,26,Pessoas,"Plano de cargos, salários e retenção de talentos",2026-01-06,2026-07-07,3,10971.49,7915.55,1018.65,3,12338.57,8470.62,1289.32,73.3,7
45,Oficina Sol Nascente,Samambaia,Serviço,ME,Masculino,51,Pessoas,Capacitação em liderança para o(a) proprietário(a),2025-11-23,2026-05-24,4,14642.3,5687.15,2238.79,5,17324.73,6398.99,2185.15,62.7,7
46,Escritório Candango,Taguatinga,Serviço,ME,Feminino,30,Operações,Implementação de controle de estoque,2025-05-08,2025-11-06,1,6451.49,1791.33,4660.16,1,6254.21,1667.13,4587.07,57.4,8
47,Empório Meridiano,Ceilândia,Comércio,ME,Feminino,37,Marketing,Plano de captação de clientes via marketing local,2024-12-18,2025-06-18,3,12741.32,8742.95,1332.79,4,16085.82,10355.06,1432.69,78.3,10
48,Manufatura do Planalto,Recanto das Emas,Indústria,ME,Masculino,43,Operações,Plano de melhoria de layout e fluxo logístico/produtivo,2026-01-11,2026-07-12,13,10707.09,6112.64,353.42,13,12211.49,6720.55,422.38,63.7,7
49,Pet Shop Ipê Amarelo,Sobradinho,Comércio,ME,Feminino,18,Finanças,Consultoria em precificação e formação de preço de venda,2026-01-06,2026-07-07,9,17687.97,10908.78,753.24,9,21326.11,12669.51,961.84,65.1,9
50,Manufatura Candango,Santa Maria,Indústria,ME,Masculino,72,Comercial,Consultoria em negociação com fornecedores e clientes,2025-11-11,2026-05-12,12,7738.51,3805.2,327.78,13,9197.12,4383.1,370.31,60.1,6
51,Loja Lago Sul,Plano Piloto,Comércio,ME,Masculino,42,Finanças,Capacitação em gestão de capital de giro,2025-09-14,2026-03-15,7,2833.47,2059.99,110.5,7,3111.44,2168.27,134.74,70.1,8
52,Armarinhos do Cerrado,Taguatinga,Comércio,ME,Masculino,51,Finanças,Capacitação em gestão de capital de giro,2025-05-29,2025-11-27,7,7681.74,4443.03,462.67,7,8708.16,4937.43,538.68,57.6,7
53,Loja Buriti,Águas Claras,Comércio,ME,Masculino,43,Pessoas,Estruturação de processo seletivo e onboarding,2025-01-13,2025-07-14,9,8436.03,5352.15,342.65,9,6024.02,4028.8,221.69,27.1,4
54,Studio Meridiano,Gama,Serviço,ME,Feminino,63,Operações,Implementação de controle de estoque,2025-03-15,2025-09-13,9,10917.4,4089.22,758.69,9,7713.83,3274.98,493.21,16.5,5
55,Assessoria do Cerrado,Vicente Pires,Serviço,ME,Feminino,27,Comercial,Treinamento de técnicas de vendas para a equipe,2025-04-27,2025-10-26,2,3189.4,1417.24,886.08,2,2503.67,1219.56,642.05,21.5,6
56,Salão Bandeirante,Riacho Fundo,Serviço,ME,Feminino,36,Finanças,Implementação de fluxo de caixa semanal,2025-03-20,2025-09-18,5,6634.04,2548.77,817.06,5,6653.34,2579.14,814.84,47.7,6
57,Ótica Candango,Vicente Pires,Comércio,EPP,Masculino,54,Marketing,Criação de plano de marketing digital,2025-11-08,2026-05-09,46,51170.94,31264.2,432.76,46,55624.02,34493.88,459.35,43.9,6
58,Studio das Águas Claras,São Sebastião,Serviço,ME,Masculino,29,Comercial,Criação de script de atendimento comercial,2024-09-10,2025-03-11,8,13467.83,3530.35,1242.18,9,18726.65,4133.58,1621.45,77.6,9
59,Estúdio Ipê Amarelo,Núcleo Bandeirante,Serviço,ME,Feminino,43,Operações,Mapeamento e otimização de processos internos,2024-07-21,2025-01-19,5,7515.67,2356.47,1031.84,5,6491.03,2178.33,862.54,35.3,5
60,Consultoria JK,Águas Claras,Serviço,EPP,Feminino,61,Pessoas,"Plano de cargos, salários e retenção de talentos",2025-03-04,2025-09-02,27,60555.82,18684.94,1550.77,27,73841.84,20391.97,1979.63,71.6,10
61,Escritório do Planalto,Ceilândia,Serviço,ME,Feminino,44,Comercial,Consultoria em negociação com fornecedores e clientes,2024-10-05,2025-04-05,1,6659.21,2755.69,3903.52,1,4917.61,2280.86,2636.74,6.1,3
62,Assessoria Alvorada,Ceilândia,Serviço,ME,Masculino,53,Finanças,Capacitação em gestão de capital de giro,2025-10-15,2026-04-15,5,25109.28,8168.47,3388.16,5,23221.88,8320.79,2980.22,28.0,6
63,Mercadinho Talento DF,Plano Piloto,Comércio,ME,Masculino,38,Finanças,Capacitação em gestão de capital de giro,2025-10-31,2026-05-01,5,4209.9,2398.34,362.31,5,3899.53,2309.26,318.05,35.0,6
64,Boutique Talento DF,Samambaia,Comércio,ME,Masculino,49,Finanças,Implementação de fluxo de caixa semanal,2026-01-25,2026-07-26,6,16765.69,12138.28,771.23,6,20377.66,13934.15,1073.92,76.8,9
65,Espaço Bandeirante,Taguatinga,Serviço,ME,Masculino,52,Comercial,Plano de expansão de canais de venda,2025-01-22,2025-07-23,5,14763.99,3744.31,2203.94,5,16852.34,3879.59,2594.55,65.6,9
66,Clínica Cristal,Vicente Pires,Serviço,ME,Feminino,37,Finanças,Plano de redução e renegociação de custos fixos,2026-01-07,2026-07-08,2,6989.03,1751.46,2618.78,2,8734.06,1742.02,3496.02,84.1,8
67,Estúdio Cristal,Taguatinga,Serviço,ME,Masculino,25,Finanças,Implementação de fluxo de caixa semanal,2024-08-01,2025-01-30,9,7843.67,2705.68,570.89,9,7304.54,2606.26,522.03,42.1,6
68,Pet Shop Brasília,Vicente Pires,Comércio,EPP,Masculino,20,Finanças,Capacitação em gestão de capital de giro,2026-01-08,2026-07-09,18,129241.12,72871.84,3131.63,18,127057.76,71812.29,3069.19,49.1,6
69,Mercearia Buriti,Santa Maria,Comércio,EPP,Feminino,40,Finanças,Separação financeira entre pessoa física e jurídica,2024-10-29,2025-04-29,25,30001.0,17563.2,497.51,25,35067.92,19351.19,628.67,72.4,10
70,Espaço Meridiano,Recanto das Emas,Serviço,ME,Masculino,46,Operações,Plano de melhoria de layout e fluxo logístico/produtivo,2024-06-12,2024-12-11,5,7826.9,3499.07,865.57,5,7347.54,3270.44,815.42,51.3,7
71,Loja Talento DF,Guará,Comércio,ME,Feminino,38,Finanças,Implementação de fluxo de caixa semanal,2025-10-17,2026-04-17,3,8922.8,6414.36,836.15,2,7898.43,5937.43,980.5,28.1,3
72,Consultoria Sol Nascente,Plano Piloto,Serviço,ME,Masculino,34,Operações,Consultoria em gestão da qualidade,2025-04-11,2025-10-10,1,5599.72,2255.61,3344.11,1,4746.74,2092.16,2654.58,24.7,5
73,Escritório Lago Sul,Recanto das Emas,Serviço,EPP,Masculino,25,Finanças,Implementação de fluxo de caixa semanal,2025-02-07,2025-08-08,34,149208.76,57319.83,2702.62,34,138076.14,59256.56,2318.22,20.0,7
74,Manufatura Lago Sul,Taguatinga,Indústria,ME,Masculino,35,Finanças,Capacitação em gestão de capital de giro,2024-10-01,2025-04-01,5,6187.63,2843.61,668.81,5,7557.11,3188.44,873.73,75.1,9
75,Estúdio Talento DF,Vicente Pires,Serviço,ME,Masculino,49,Finanças,Plano de redução e renegociação de custos fixos,2025-02-09,2025-08-10,8,6464.38,2696.82,470.94,8,7509.89,2825.46,585.55,77.3,6
76,Estúdio Lago Sul,Samambaia,Serviço,ME,Feminino,25,Marketing,Criação de plano de marketing digital,2025-06-11,2025-12-10,8,6589.4,2268.32,540.14,8,8245.15,2342.35,737.85,90.1,9
77,Espaço Sol Nascente,Samambaia,Serviço,ME,Masculino,35,Finanças,Consultoria em precificação e formação de preço de venda,2024-08-27,2025-02-25,4,6639.18,1790.35,1212.21,4,6213.96,1778.21,1108.94,39.0,6
78,Distribuidora Talento DF,Guará,Comércio,ME,Masculino,46,Comercial,Implementação de funil de vendas estruturado,2025-12-29,2026-06-29,5,2085.37,1272.39,162.6,5,2220.56,1355.88,172.94,49.7,7
79,Cerâmica do Planalto,Recanto das Emas,Indústria,ME,Masculino,57,Finanças,Implementação de fluxo de caixa semanal,2025-08-16,2026-02-14,19,8482.72,4668.83,200.73,19,9388.25,4996.83,231.13,62.1,9
80,Alimentos Meridiano,Águas Claras,Indústria,ME,Masculino,33,Pessoas,Estruturação de processo seletivo e onboarding,2025-11-17,2026-05-18,1,5829.67,2639.32,3190.35,1,5119.7,2347.84,2771.86,46.1,6
81,Salão Lago Sul,Recanto das Emas,Serviço,EPP,Feminino,57,Finanças,Capacitação em gestão de capital de giro,2024-06-28,2024-12-27,25,101741.23,30571.6,2846.79,25,109626.99,30573.2,3162.15,64.4,7
82,Consultoria Cristal,Taguatinga,Serviço,ME,Masculino,40,Comercial,Consultoria em negociação com fornecedores e clientes,2025-11-11,2026-05-12,1,2610.01,827.86,1782.16,1,2242.43,783.58,1458.85,28.5,6
83,Distribuidora Ipê Amarelo,Guará,Comércio,ME,Masculino,52,Operações,Padronização de processos operacionais,2025-11-11,2026-05-12,2,6484.48,4167.95,1158.26,2,6027.11,4061.11,983.0,29.3,5
84,Espaço Cristal,Samambaia,Serviço,ME,Feminino,22,Finanças,Capacitação em gestão de capital de giro,2025-01-10,2025-07-11,9,6365.34,1593.86,530.16,8,5602.17,1426.29,521.98,47.2,5
85,Distribuidora JK,Samambaia,Comércio,ME,Masculino,41,Finanças,Plano de redução e renegociação de custos fixos,2025-05-14,2025-11-12,1,17194.48,11401.46,5793.02,1,11670.99,8322.45,3348.54,0.0,3
86,Mercadinho Bandeirante,Taguatinga,Comércio,ME,Masculino,38,Operações,Mapeamento e otimização de processos internos,2025-04-02,2025-10-01,9,5788.68,3412.58,264.01,9,6638.61,3769.25,318.82,64.5,9
87,Clínica Bandeirante,Plano Piloto,Serviço,ME,Masculino,33,Finanças,Plano de redução e renegociação de custos fixos,2025-10-17,2026-04-17,8,11942.65,4412.21,941.3,8,10327.04,4074.02,781.63,33.3,6
88,Empório Buriti,Plano Piloto,Comércio,ME,Masculino,35,Finanças,Implementação de fluxo de caixa semanal,2024-11-19,2025-05-20,6,18340.81,10964.69,1229.35,6,19572.22,11272.23,1383.33,64.6,8
89,Estúdio Sol Nascente,Águas Claras,Serviço,ME,Feminino,36,Comercial,Consultoria em negociação com fornecedores e clientes,2025-12-13,2026-06-13,7,5488.2,1814.09,524.87,7,6372.32,1837.74,647.8,78.1,7
90,Salão do Cerrado,Taguatinga,Serviço,ME,Masculino,43,Finanças,Consultoria em precificação e formação de preço de venda,2025-05-04,2025-11-02,2,7775.23,2913.58,2430.82,3,9473.21,3156.25,2105.65,77.7,7
91,Estúdio Brasília,Taguatinga,Serviço,ME,Feminino,18,Pessoas,Estruturação de processo seletivo e onboarding,2024-06-01,2024-11-30,2,22570.79,8606.57,6982.11,2,27652.53,9901.39,8875.57,65.5,8
92,Clínica Brasília,Gama,Serviço,ME,Masculino,36,Marketing,Estruturação de presença em redes sociais,2024-12-03,2025-06-03,4,9178.16,2350.7,1706.87,4,9491.33,2584.67,1726.66,39.2,6
93,Boutique Buriti,Taguatinga,Comércio,ME,Masculino,26,Marketing,Plano de captação de clientes via marketing local,2024-08-26,2025-02-24,7,10011.07,6577.42,490.52,6,8364.81,5672.72,448.68,35.9,6
94,Mercearia Lago Sul,Guará,Comércio,ME,Masculino,55,Finanças,Capacitação em gestão de capital de giro,2025-10-07,2026-04-07,3,6265.69,4469.5,598.73,3,6535.9,4596.56,646.45,56.7,5
95,Laticínios Cristal,Vicente Pires,Indústria,ME,Masculino,57,Marketing,Desenvolvimento de identidade visual e branding,2025-02-05,2025-08-06,4,12081.46,5935.44,1536.51,4,7852.95,4250.68,900.57,0.0,4
96,Gráfica Sol Nascente,Águas Claras,Indústria,ME,Masculino,30,Marketing,Criação de plano de marketing digital,2025-03-11,2025-09-09,15,7811.96,4346.56,231.03,15,6989.26,3994.7,199.64,39.9,3
97,Espaço Buriti,Riacho Fundo,Serviço,ME,Masculino,31,Finanças,Capacitação em gestão de capital de giro,2024-12-31,2025-07-01,6,2664.94,904.81,293.35,5,2204.17,841.27,272.58,21.9,3
98,Studio Candango,Ceilândia,Serviço,EPP,Masculino,25,Pessoas,Definição de rotinas e organograma da equipe,2025-08-02,2026-01-31,31,59289.58,24900.85,1109.31,31,60161.42,26250.65,1093.9,39.1,6
99,Pet Shop das Águas Claras,Ceilândia,Comércio,EPP,Masculino,44,Marketing,Desenvolvimento de identidade visual e branding,2026-01-27,2026-07-28,26,115008.8,73347.17,1602.37,25,99981.37,64903.17,1403.13,42.4,5
100,Manufatura das Águas Claras,Santa Maria,Indústria,ME,Masculino,56,Operações,Padronização de processos operacionais,2025-11-15,2026-05-16,15,6464.35,4129.22,155.68,14,4800.18,3253.41,110.48,24.0,5
101,Estúdio Meridiano,Santa Maria,Serviço,ME,Feminino,41,Finanças,Capacitação em gestão de capital de giro,2026-01-25,2026-07-26,7,3933.52,1496.65,348.12,7,3359.15,1410.12,278.43,23.8,6
102,Consultoria Lago Sul,São Sebastião,Serviço,ME,Masculino,23,Finanças,Consultoria em precificação e formação de preço de venda,2024-11-30,2025-05-31,4,8557.31,3100.11,1364.3,5,10666.47,3131.43,1507.01,95.8,9
103,Oficina Lago Sul,Ceilândia,Serviço,ME,Masculino,21,Marketing,Criação de plano de marketing digital,2025-07-11,2026-01-09,2,4615.12,1423.23,1595.95,2,4547.93,1435.25,1556.34,45.2,6
104,Academia Sol Nascente,Sobradinho,Serviço,ME,Masculino,29,Operações,Mapeamento e otimização de processos internos,2025-06-15,2025-12-14,8,10658.08,3936.08,840.25,8,13526.02,4425.11,1137.61,78.1,10
105,Papelaria Buriti,Plano Piloto,Comércio,EPP,Masculino,46,Comercial,Plano de expansão de canais de venda,2024-12-02,2025-06-02,15,50248.69,28955.77,1419.53,15,39939.12,23901.54,1069.17,35.2,7
106,Espaço Lago Sul,Samambaia,Serviço,EPP,Feminino,37,Finanças,Capacitação em gestão de capital de giro,2025-10-29,2026-04-29,27,70208.38,23396.86,1733.76,27,74112.6,24019.81,1855.29,56.1,8
107,Ótica Talento DF,Taguatinga,Comércio,ME,Masculino,43,Operações,Consultoria em gestão da qualidade,2025-12-13,2026-06-13,9,8217.78,4987.25,358.95,8,6313.26,4019.88,286.67,30.1,7
108,Armarinhos Talento DF,Núcleo Bandeirante,Comércio,ME,Feminino,28,Finanças,Plano de redução e renegociação de custos fixos,2026-01-01,2026-07-02,4,3783.45,2588.09,298.84,4,4048.02,2798.82,312.3,45.1,6
109,Loja Candango,Ceilândia,Comércio,EPP,Feminino,55,Comercial,Implementação de funil de vendas estruturado,2026-01-24,2026-07-25,43,44547.97,31308.28,307.9,44,53942.27,36098.13,405.55,72.4,7
110,Escritório Sol Nascente,Sobradinho,Serviço,ME,Masculino,32,Marketing,Desenvolvimento de identidade visual e branding,2024-09-08,2025-03-09,5,5953.14,2593.94,671.84,5,4287.63,2048.95,447.73,21.9,3
111,Studio Buriti,Recanto das Emas,Serviço,EPP,Feminino,51,Finanças,Implementação de fluxo de caixa semanal,2024-08-29,2025-02-27,39,102095.22,30058.89,1847.09,39,109573.83,29022.84,2065.41,69.7,9
112,Distribuidora Alvorada,Santa Maria,Comércio,ME,Feminino,56,Finanças,Consultoria em precificação e formação de preço de venda,2025-07-21,2026-01-19,6,11608.98,8439.15,528.31,6,15360.16,10152.3,867.98,94.0,6
113,Empório das Águas Claras,Guará,Comércio,EPP,Masculino,35,Finanças,Plano de redução e renegociação de custos fixos,2025-08-17,2026-02-15,21,40664.44,29245.47,543.76,21,47087.31,33010.1,670.34,62.1,5
114,Consultoria do Cerrado,São Sebastião,Serviço,ME,Masculino,57,Pessoas,Programa de treinamento e desenvolvimento de colaboradores,2025-02-21,2025-08-22,9,15930.53,6730.43,1022.23,9,10354.84,4892.52,606.92,1.8,3
115,Pet Shop Lago Sul,Taguatinga,Comércio,ME,Feminino,25,Comercial,Consultoria em negociação com fornecedores e clientes,2024-09-08,2025-03-09,5,4655.22,3249.79,281.09,5,4758.71,3287.06,294.33,54.9,7
116,Clínica JK,Ceilândia,Serviço,ME,Feminino,41,Marketing,Consultoria em posicionamento de marca,2024-11-22,2025-05-23,5,4141.17,1257.03,576.83,4,3610.58,1158.25,613.08,38.5,6
117,Mercearia Ipê Amarelo,Gama,Comércio,ME,Masculino,26,Pessoas,Estruturação de processo seletivo e onboarding,2024-08-18,2025-02-16,6,25791.18,18713.42,1179.63,7,33361.36,22930.08,1490.18,75.5,7
118,Assessoria Cristal,Plano Piloto,Serviço,ME,Masculino,41,Marketing,Consultoria em posicionamento de marca,2024-09-05,2025-03-06,9,7953.25,2941.98,556.81,8,7139.54,2622.78,564.59,51.7,7
119,Assessoria Bandeirante,Taguatinga,Serviço,EPP,Masculino,26,Marketing,Estruturação de presença em redes sociais,2024-09-23,2025-03-24,44,58328.58,23221.91,797.88,45,85444.4,28147.3,1273.27,95.8,9
120,Clínica Talento DF,Taguatinga,Serviço,ME,Masculino,24,Marketing,Plano de captação de clientes via marketing local,2025-05-24,2025-11-22,4,8451.32,2459.77,1497.89,4,6861.02,2288.16,1143.22,21.7,6
121,Salão Candango,Plano Piloto,Serviço,EPP,Feminino,23,Comercial,Consultoria em negociação com fornecedores e clientes,2025-04-10,2025-10-09,19,87170.93,24537.06,3296.52,18,65344.38,21660.49,2426.88,14.3,3
122,Oficina JK,Ceilândia,Serviço,ME,Masculino,28,Marketing,Consultoria em posicionamento de marca,2024-12-21,2025-06-21,3,5133.6,1567.65,1188.65,4,6210.21,1578.76,1157.86,84.1,8
123,Studio JK,Ceilândia,Serviço,ME,Feminino,39,Pessoas,Definição de rotinas e organograma da equipe,2025-04-28,2025-10-27,3,9102.72,3206.65,1965.36,3,10105.59,3402.29,2234.43,60.4,7
124,Clínica das Águas Claras,Vicente Pires,Serviço,ME,Masculino,35,Operações,Implementação de controle de estoque,2025-07-13,2026-01-11,3,22387.41,7462.29,4975.04,3,26288.95,7859.74,6143.07,72.9,10
125,Armarinhos Cristal,Plano Piloto,Comércio,ME,Feminino,25,Comercial,Criação de script de atendimento comercial,2024-07-30,2025-01-28,4,9319.05,6779.81,634.81,5,12055.52,8295.06,752.09,76.3,9
126,Estúdio do Cerrado,Núcleo Bandeirante,Serviço,ME,Masculino,65,Comercial,Plano de expansão de canais de venda,2024-11-19,2025-05-20,1,15156.35,3828.55,11327.8,1,16914.08,4267.49,12646.6,50.2,7
127,Loja Meridiano,Núcleo Bandeirante,Comércio,ME,Feminino,55,Pessoas,Capacitação em liderança para o(a) proprietário(a),2024-10-01,2025-04-01,5,8140.34,4607.51,706.57,5,9989.23,5147.54,968.34,83.8,10
128,Armarinhos Sol Nascente,Taguatinga,Comércio,ME,Masculino,31,Finanças,Separação financeira entre pessoa física e jurídica,2024-06-01,2024-11-30,8,4323.04,2659.03,208.0,8,3353.32,2230.23,140.39,11.4,5
129,Espaço Brasília,Guará,Serviço,ME,Feminino,38,Operações,Padronização de processos operacionais,2024-08-10,2025-02-08,4,5309.51,1505.49,951.0,4,4524.01,1408.31,778.93,31.5,5
130,Studio Cristal,Recanto das Emas,Serviço,EPP,Masculino,36,Finanças,Separação financeira entre pessoa física e jurídica,2025-09-12,2026-03-13,13,106788.35,35384.33,5492.62,12,91291.82,33043.09,4854.06,29.6,4
131,Armarinhos Ipê Amarelo,Guará,Comércio,ME,Feminino,50,Marketing,Criação de plano de marketing digital,2025-11-17,2026-05-18,4,4090.88,2837.1,313.44,4,4772.71,3239.09,383.41,59.9,5
132,Empório Cristal,Ceilândia,Comércio,EPP,Feminino,40,Operações,Plano de melhoria de layout e fluxo logístico/produtivo,2024-09-07,2025-03-08,23,38195.18,28596.1,417.35,22,30013.13,23357.23,302.54,30.3,4
133,Consultoria Buriti,Taguatinga,Serviço,ME,Feminino,52,Comercial,Treinamento de técnicas de vendas para a equipe,2025-09-12,2026-03-13,6,9116.75,2647.64,1078.19,7,11634.94,2914.73,1245.75,76.6,9
134,Mercadinho do Cerrado,Ceilândia,Comércio,ME,Masculino,26,Finanças,Capacitação em gestão de capital de giro,2024-11-02,2025-05-03,3,16672.74,10056.91,2205.28,3,17334.44,10461.25,2291.06,49.8,5
135,Escritório Bandeirante,Recanto das Emas,Serviço,ME,Masculino,30,Operações,Mapeamento e otimização de processos internos,2024-08-25,2025-02-23,3,8811.42,3557.59,1751.28,3,7294.77,3136.74,1386.01,32.5,3
136,Clínica Sol Nascente,Núcleo Bandeirante,Serviço,ME,Masculino,53,Comercial,Criação de script de atendimento comercial,2024-10-22,2025-04-22,7,6651.03,2024.64,660.91,7,5507.98,1906.37,514.52,22.2,4
137,Loja Ipê Amarelo,Guará,Comércio,ME,Masculino,37,Comercial,Criação de script de atendimento comercial,2025-12-13,2026-06-13,2,4981.13,3440.72,770.21,2,5338.11,3662.47,837.82,53.1,6
138,Espaço Alvorada,Guará,Serviço,ME,Masculino,53,Comercial,Criação de script de atendimento comercial,2024-12-26,2025-06-26,9,9901.73,3630.94,696.75,9,11393.14,3694.2,855.44,78.3,9
139,Loja JK,Núcleo Bandeirante,Comércio,ME,Feminino,23,Comercial,Criação de script de atendimento comercial,2025-08-26,2026-02-24,3,3805.94,2744.0,353.98,4,5141.69,3355.36,446.58,95.6,10
140,Consultoria Brasília,Guará,Serviço,ME,Masculino,29,Marketing,Consultoria em posicionamento de marca,2025-03-24,2025-09-22,8,4051.07,1039.78,376.41,8,5641.22,1024.83,577.05,100.0,10
141,Ótica do Planalto,Ceilândia,Comércio,ME,Masculino,24,Finanças,Implementação de fluxo de caixa semanal,2025-02-21,2025-08-22,1,13729.4,10241.44,3487.96,1,15019.38,10931.09,4088.28,62.1,8
142,Clínica do Planalto,São Sebastião,Serviço,ME,Masculino,34,Comercial,Consultoria em negociação com fornecedores e clientes,2025-10-09,2026-04-09,3,6772.03,2998.99,1257.68,3,7140.94,3180.57,1320.12,48.3,5
143,Salão Meridiano,Plano Piloto,Serviço,EPP,Masculino,19,Pessoas,Definição de rotinas e organograma da equipe,2026-01-26,2026-07-27,25,90791.95,23104.51,2707.5,25,72349.35,21254.61,2043.79,23.8,3
144,Clínica Buriti,Ceilândia,Serviço,ME,Masculino,44,Finanças,Plano de redução e renegociação de custos fixos,2025-07-02,2025-12-31,5,6692.38,2341.68,870.14,5,6381.21,2200.25,836.19,53.4,6
145,Academia Buriti,Planaltina,Serviço,EPP,Masculino,35,Comercial,Treinamento de técnicas de vendas para a equipe,2025-11-01,2026-05-02,13,34961.69,11547.33,1801.1,13,26438.63,10054.22,1260.34,16.0,5
146,Mercearia JK,Vicente Pires,Comércio,EPP,Masculino,36,Marketing,Criação de plano de marketing digital,2024-08-29,2025-02-27,19,30001.0,18025.58,630.29,19,28182.52,17469.85,563.82,37.3,6
147,Estúdio das Águas Claras,Samambaia,Serviço,EPP,Feminino,35,Pessoas,"Plano de cargos, salários e retenção de talentos",2025-12-02,2026-06-02,45,39761.92,17716.53,489.9,45,36830.72,17471.21,430.21,30.8,4
148,Academia Talento DF,Planaltina,Serviço,EPP,Masculino,20,Marketing,Estruturação de presença em redes sociais,2024-09-21,2025-03-22,46,94955.42,27054.71,1476.1,46,98640.34,26343.88,1571.66,61.9,7
149,Studio do Cerrado,Taguatinga,Serviço,ME,Masculino,54,Operações,Consultoria em gestão da qualidade,2024-09-25,2025-03-26,4,7228.29,2188.08,1260.05,4,8845.1,2153.44,1672.92,89.5,9
150,Clínica Meridiano,Ceilândia,Serviço,ME,Masculino,22,Finanças,Capacitação em gestão de capital de giro,2025-10-30,2026-04-30,2,12366.17,3111.88,4627.14,2,12372.45,3185.84,4593.31,46.1,7
151,Boutique Lago Sul,Ceilândia,Comércio,ME,Masculino,51,Comercial,Criação de script de atendimento comercial,2025-03-22,2025-09-20,3,8835.19,5884.63,983.52,3,8896.16,6025.32,956.95,42.5,7
152,Assessoria do Planalto,Santa Maria,Serviço,EPP,Feminino,18,Pessoas,Definição de rotinas e organograma da equipe,2024-10-31,2025-05-01,48,59598.19,25159.96,717.46,47,45989.34,21714.31,516.49,14.5,4
153,Laticínios Candango,São Sebastião,Indústria,ME,Feminino,40,Pessoas,Estruturação de processo seletivo e onboarding,2024-06-17,2024-12-16,18,5122.24,2942.13,121.12,18,3550.42,2200.14,75.02,19.8,4
154,Assessoria Lago Sul,Taguatinga,Serviço,ME,Feminino,62,Marketing,Plano de captação de clientes via marketing local,2024-10-12,2025-04-12,8,5234.05,1990.62,405.43,8,5659.62,2205.11,431.81,43.8,6
155,Loja do Planalto,Samambaia,Comércio,EPP,Masculino,39,Comercial,Treinamento de técnicas de vendas para a equipe,2025-10-16,2026-04-16,44,44705.46,25180.98,443.74,44,48737.62,26479.83,505.86,63.3,6
156,Oficina Bandeirante,Taguatinga,Serviço,ME,Feminino,37,Comercial,Plano de expansão de canais de venda,2024-06-03,2024-12-02,7,7116.21,2796.4,617.12,8,10114.67,3217.59,862.13,99.9,10
157,Salão Talento DF,Ceilândia,Serviço,ME,Masculino,47,Finanças,Consultoria em precificação e formação de preço de venda,2025-12-14,2026-06-14,6,9590.5,3182.14,1068.06,6,10275.04,3174.99,1183.34,65.2,7
158,Armarinhos Buriti,Gama,Comércio,ME,Masculino,34,Pessoas,Capacitação em liderança para o(a) proprietário(a),2025-09-16,2026-03-17,7,7831.36,5049.21,397.45,7,9359.98,5921.05,491.28,58.1,7
159,Marcenaria Alvorada,Guará,Indústria,ME,Masculino,50,Operações,Implementação de controle de estoque,2024-10-03,2025-04-03,13,7424.22,4209.56,247.28,13,7083.18,4159.62,224.89,36.5,6
160,Mercearia Alvorada,Recanto das Emas,Comércio,ME,Feminino,63,Comercial,Criação de script de atendimento comercial,2025-08-25,2026-02-23,4,8225.27,6128.43,524.21,4,7604.92,5776.87,457.01,40.3,6
161,Salão Sol Nascente,Plano Piloto,Serviço,EPP,Masculino,56,Finanças,Capacitação em gestão de capital de giro,2025-04-13,2025-10-12,35,61859.0,24721.12,1061.08,35,46699.11,20252.78,755.61,27.3,6
162,Academia Lago Sul,Gama,Serviço,ME,Feminino,42,Comercial,Consultoria em negociação com fornecedores e clientes,2024-12-30,2025-06-30,3,7828.0,3027.76,1600.08,2,6867.67,2970.51,1948.58,19.5,4
163,Mercadinho Candango,Ceilândia,Comércio,ME,Masculino,29,Finanças,Consultoria em precificação e formação de preço de venda,2025-04-05,2025-10-04,6,5008.88,3187.54,303.56,7,7410.17,4159.91,464.32,100.0,10
164,Assessoria Meridiano,Taguatinga,Serviço,ME,Feminino,48,Operações,Implementação de controle de estoque,2024-06-05,2024-12-04,4,15543.96,3993.09,2887.72,4,14455.51,4147.14,2577.09,30.0,5
165,Distribuidora Cristal,Vicente Pires,Comércio,ME,Feminino,41,Marketing,Desenvolvimento de identidade visual e branding,2025-11-20,2026-05-21,5,5989.78,3939.7,410.02,5,7677.2,4632.71,608.9,86.2,7
166,Academia Meridiano,Santa Maria,Serviço,ME,Feminino,26,Finanças,Plano de redução e renegociação de custos fixos,2025-09-23,2026-03-24,2,8644.94,3303.89,2670.52,1,7599.02,3076.28,4522.73,34.9,5
167,Espaço do Planalto,Vicente Pires,Serviço,EPP,Masculino,30,Marketing,Criação de plano de marketing digital,2024-09-18,2025-03-19,48,60743.76,23740.97,770.89,49,72104.8,25780.2,945.4,72.2,8
168,Mercearia Talento DF,Vicente Pires,Comércio,EPP,Feminino,33,Pessoas,Definição de rotinas e organograma da equipe,2024-07-31,2025-01-29,39,84469.35,56727.61,711.33,39,116363.07,72945.24,1113.28,79.8,9
169,Empório Lago Sul,Recanto das Emas,Comércio,ME,Masculino,39,Finanças,Capacitação em gestão de capital de giro,2025-02-14,2025-08-15,1,2323.89,1417.74,906.14,1,2067.32,1304.94,762.38,35.9,6
170,Studio Brasília,Vicente Pires,Serviço,ME,Masculino,25,Comercial,Consultoria em negociação com fornecedores e clientes,2025-03-08,2025-09-06,5,7031.06,2068.58,992.5,5,7472.08,1959.6,1102.5,71.3,8
171,Studio Ipê Amarelo,Águas Claras,Serviço,ME,Masculino,19,Comercial,Criação de script de atendimento comercial,2025-09-15,2026-03-16,5,4135.83,1108.48,605.47,4,3550.75,1042.74,627.0,32.9,5
172,Empório Alvorada,Ceilândia,Comércio,ME,Feminino,18,Finanças,Consultoria em precificação e formação de preço de venda,2025-10-26,2026-04-26,8,4446.11,3070.33,171.97,8,4916.44,3271.23,205.65,66.8,7
173,Escritório JK,Ceilândia,Serviço,ME,Feminino,65,Marketing,Estruturação de presença em redes sociais,2024-07-09,2025-01-07,7,30000.0,13324.72,2382.18,7,32041.2,14370.71,2524.36,47.1,6
174,Escritório Brasília,Ceilândia,Serviço,ME,Masculino,20,Marketing,Plano de captação de clientes via marketing local,2024-10-28,2025-04-28,8,9292.03,3298.71,749.16,7,6515.57,2577.92,562.52,22.9,6
175,Academia das Águas Claras,Ceilândia,Serviço,ME,Feminino,18,Finanças,Separação financeira entre pessoa física e jurídica,2025-05-24,2025-11-22,5,16694.09,6421.16,2054.59,4,12070.04,5227.37,1710.67,17.7,4
176,Ótica Lago Sul,Plano Piloto,Comércio,EPP,Masculino,41,Finanças,Implementação de fluxo de caixa semanal,2025-01-18,2025-07-19,16,30001.0,20656.3,584.04,16,32052.05,21856.95,637.19,54.4,8
177,Loja das Águas Claras,Guará,Comércio,ME,Feminino,26,Operações,Consultoria em gestão da qualidade,2026-01-26,2026-07-27,7,13364.79,7782.16,797.52,8,18087.04,9783.07,1038.0,77.6,10
178,Academia Candango,Sobradinho,Serviço,EPP,Masculino,61,Comercial,Treinamento de técnicas de vendas para a equipe,2025-07-09,2026-01-07,18,56715.66,16354.55,2242.28,19,72058.32,17309.15,2881.54,82.1,7
179,Oficina do Planalto,Gama,Serviço,ME,Feminino,74,Marketing,Consultoria em posicionamento de marca,2024-12-14,2025-06-14,6,14431.12,4208.63,1703.75,6,15975.24,4740.42,1872.47,46.6,5
180,Clínica Ipê Amarelo,Taguatinga,Serviço,EPP,Masculino,35,Marketing,Desenvolvimento de identidade visual e branding,2025-07-16,2026-01-14,26,64244.56,28047.14,1392.21,26,77716.44,30990.85,1797.14,75.2,7
181,Estúdio JK,Santa Maria,Serviço,ME,Feminino,37,Operações,Implementação de controle de estoque,2025-02-18,2025-08-19,4,7099.32,1796.95,1325.59,5,9567.37,1760.07,1561.46,96.1,10
182,Salão Brasília,Plano Piloto,Serviço,ME,Masculino,38,Operações,Mapeamento e otimização de processos internos,2025-03-10,2025-09-08,2,20973.98,7513.59,6730.2,2,24666.62,8311.02,8177.8,64.2,8
183,Espaço do Cerrado,Ceilândia,Serviço,EPP,Feminino,21,Operações,Mapeamento e otimização de processos internos,2025-08-11,2026-02-09,42,30001.0,9763.39,481.85,42,26087.44,8712.83,413.68,44.3,4
184,Armarinhos Alvorada,Samambaia,Comércio,EPP,Masculino,27,Marketing,Consultoria em posicionamento de marca,2025-02-20,2025-08-21,37,30001.0,20456.78,257.95,37,34375.82,21805.27,339.74,81.7,10
185,Salão JK,Plano Piloto,Serviço,ME,Masculino,34,Comercial,Criação de script de atendimento comercial,2025-07-30,2026-01-28,4,13295.88,3910.3,2346.39,5,16454.66,4313.56,2428.22,71.3,6
186,Escritório das Águas Claras,Samambaia,Serviço,ME,Feminino,25,Comercial,Consultoria em negociação com fornecedores e clientes,2025-02-11,2025-08-12,7,8200.89,3626.71,653.45,7,11083.73,4236.58,978.16,90.0,9
187,Consultoria do Planalto,Sobradinho,Serviço,ME,Feminino,44,Comercial,Consultoria em negociação com fornecedores e clientes,2025-05-29,2025-11-27,9,9369.08,2962.91,711.8,9,9723.63,3217.97,722.85,40.2,7
188,Distribuidora Candango,Santa Maria,Comércio,ME,Feminino,30,Comercial,Treinamento de técnicas de vendas para a equipe,2025-03-24,2025-09-22,7,7369.88,5418.23,278.81,7,4790.43,3761.37,147.01,6.2,7
189,Boutique Bandeirante,Guará,Comércio,ME,Feminino,25,Finanças,Consultoria em precificação e formação de preço de venda,2025-05-17,2025-11-15,9,8254.72,5512.83,304.65,9,8250.81,5596.86,294.88,43.0,5
190,Estúdio Candango,Taguatinga,Serviço,EPP,Feminino,36,Comercial,Consultoria em negociação com fornecedores e clientes,2024-12-29,2025-06-29,28,49094.89,16343.31,1169.7,28,59290.5,18874.67,1443.42,59.7,10
191,Ótica Alvorada,Sobradinho,Comércio,ME,Masculino,36,Comercial,Criação de script de atendimento comercial,2024-08-13,2025-02-11,4,7793.43,5430.28,590.79,5,10722.24,6742.43,795.96,95.3,10
192,Academia Bandeirante,Guará,Serviço,ME,Masculino,27,Finanças,Separação financeira entre pessoa física e jurídica,2024-11-04,2025-05-05,8,10057.93,3627.02,803.86,8,10206.17,3708.03,812.27,48.2,7
193,Consultoria das Águas Claras,Taguatinga,Serviço,ME,Feminino,20,Finanças,Separação financeira entre pessoa física e jurídica,2025-01-04,2025-07-05,6,22724.1,6310.86,2735.54,6,23090.53,6464.58,2770.99,48.5,8
194,Metalúrgica Cristal,Recanto das Emas,Indústria,ME,Masculino,31,Operações,Consultoria em gestão da qualidade,2024-12-10,2025-06-10,12,3881.85,2293.78,132.34,12,4557.69,2532.47,168.77,73.5,10
195,Clínica do Cerrado,Planaltina,Serviço,ME,Feminino,28,Marketing,Consultoria em posicionamento de marca,2025-02-13,2025-08-14,6,15876.73,5809.28,1677.91,5,13449.12,5225.64,1644.7,34.9,4
196,Salão do Planalto,Águas Claras,Serviço,ME,Masculino,52,Operações,Plano de melhoria de layout e fluxo logístico/produtivo,2025-03-19,2025-09-17,9,6414.11,2329.15,453.88,9,5934.61,2263.63,407.89,37.8,4
197,Studio do Planalto,Ceilândia,Serviço,ME,Feminino,60,Marketing,Plano de captação de clientes via marketing local,2024-11-01,2025-05-02,7,17136.99,6814.17,1474.69,7,22662.08,7311.45,2192.95,100.0,9
198,Assessoria das Águas Claras,Planaltina,Serviço,ME,Masculino,37,Operações,Padronização de processos operacionais,2025-01-20,2025-07-21,8,6549.41,2493.33,507.01,8,5794.98,2224.38,446.33,47.9,7
199,Papelaria Sol Nascente,Ceilândia,Comércio,EPP,Masculino,37,Operações,Implementação de controle de estoque,2024-11-20,2025-05-21,11,60281.96,37570.64,2064.67,11,70348.21,41617.9,2611.85,71.1,5
200,Assessoria Sol Nascente,Taguatinga,Serviço,ME,Feminino,48,Finanças,Implementação de fluxo de caixa semanal,2025-05-24,2025-11-22,7,10248.11,3214.81,1004.76,7,9948.36,3368.49,939.98,33.4,6
201,Consultoria Talento DF,Taguatinga,Serviço,EPP,Feminino,43,Pessoas,Definição de rotinas e organograma da equipe,2025-03-18,2025-09-16,22,60398.84,18129.54,1921.33,23,76095.06,20021.66,2437.97,74.7,7
202,Oficina das Águas Claras,Vicente Pires,Serviço,ME,Feminino,27,Finanças,Implementação de fluxo de caixa semanal,2025-06-20,2025-12-19,2,7272.75,2654.77,2308.99,2,9889.75,3035.95,3426.9,88.7,10
203,Consultoria Candango,Samambaia,Serviço,ME,Masculino,27,Marketing,Plano de captação de clientes via marketing local,2025-02-19,2025-08-20,3,2832.29,877.95,651.45,3,3237.34,953.97,761.12,60.2,6
204,Academia Ipê Amarelo,Plano Piloto,Serviço,ME,Masculino,44,Operações,Padronização de processos operacionais,2026-01-29,2026-07-30,8,22710.51,6224.58,2060.74,8,28545.35,6856.13,2711.15,72.6,7
205,Escritório Alvorada,Plano Piloto,Serviço,ME,Masculino,41,Comercial,Plano de expansão de canais de venda,2025-03-23,2025-09-21,8,4543.92,1847.28,337.08,7,3659.98,1595.53,294.92,30.4,4
206,Ótica das Águas Claras,Riacho Fundo,Comércio,ME,Masculino,26,Marketing,Consultoria em posicionamento de marca,2025-06-11,2025-12-10,3,8412.94,4979.0,1144.65,3,7666.21,4456.57,1069.88,57.0,7
207,Espaço Talento DF,Gama,Serviço,ME,Masculino,33,Comercial,Criação de script de atendimento comercial,2025-02-25,2025-08-26,2,4254.55,1203.93,1525.31,2,3918.54,1244.04,1337.25,27.0,5
208,Oficina Brasília,Vicente Pires,Serviço,ME,Masculino,26,Finanças,Separação financeira entre pessoa física e jurídica,2025-08-23,2026-02-21,4,3586.73,1505.71,520.25,3,2587.2,1199.43,462.59,20.8,5
209,Clínica Lago Sul,Samambaia,Serviço,ME,Masculino,26,Finanças,Separação financeira entre pessoa física e jurídica,2025-05-07,2025-11-05,3,7074.36,2762.01,1437.45,3,6154.21,2444.3,1236.64,45.5,6
210,Academia Cristal,Ceilândia,Serviço,ME,Masculino,39,Finanças,Consultoria em precificação e formação de preço de venda,2024-07-30,2025-01-28,5,5603.18,2259.38,668.76,5,5289.71,2109.18,636.11,53.0,6
211,Academia Alvorada,Gama,Serviço,ME,Feminino,41,Finanças,Implementação de fluxo de caixa semanal,2025-08-19,2026-02-17,8,3967.56,1269.91,337.21,9,5080.53,1574.31,389.58,56.8,8
212,Pet Shop Buriti,Plano Piloto,Comércio,ME,Masculino,36,Marketing,Criação de plano de marketing digital,2025-09-07,2026-03-08,3,7831.72,5274.56,852.39,2,6864.65,4808.6,1028.02,32.0,4
213,Studio Alvorada,Sobradinho,Serviço,ME,Feminino,32,Marketing,Plano de captação de clientes via marketing local,2025-02-01,2025-08-02,2,3288.06,1435.04,926.51,2,2975.1,1331.03,822.04,42.7,8
214,Boutique Ipê Amarelo,Riacho Fundo,Comércio,ME,Feminino,26,Comercial,Consultoria em negociação com fornecedores e clientes,2025-04-07,2025-10-06,1,8625.52,5231.72,3393.8,1,8155.89,4951.76,3204.13,49.6,6
215,Metalúrgica Alvorada,Planaltina,Indústria,ME,Masculino,52,Marketing,Criação de plano de marketing digital,2024-06-07,2024-12-06,14,7411.59,3437.44,283.87,14,6908.83,3327.59,255.8,38.1,6
216,Academia Cristal 2,Núcleo Bandeirante,Serviço,ME,Feminino,35,Finanças,Consultoria em precificação e formação de preço de venda,2025-11-11,2026-05-12,2,1806.15,513.26,646.44,3,2258.24,561.46,565.59,73.7,9
217,Estúdio Bandeirante,Gama,Serviço,ME,Feminino,21,Finanças,Plano de redução e renegociação de custos fixos,2025-09-18,2026-03-19,2,5844.94,2510.36,1667.29,2,6594.59,2730.44,1932.07,60.3,10
218,Estúdio Buriti,Samambaia,Serviço,ME,Feminino,31,Operações,Consultoria em gestão da qualidade,2026-01-14,2026-07-15,8,10596.12,3245.66,918.81,8,14006.66,3239.83,1345.85,100.0,10
219,Pet Shop Alvorada,Planaltina,Comércio,ME,Masculino,47,Pessoas,Definição de rotinas e organograma da equipe,2025-06-01,2025-11-30,1,4226.25,2739.67,1486.58,1,4534.23,2895.79,1638.44,56.4,6
220,Studio Bandeirante,Ceilândia,Serviço,EPP,Masculino,51,Comercial,Plano de expansão de canais de venda,2024-10-19,2025-04-19,36,44183.57,15769.72,789.27,36,42911.95,15006.9,775.14,54.8,8
221,Loja do Cerrado,Sobradinho,Comércio,ME,Feminino,68,Finanças,Implementação de fluxo de caixa semanal,2024-11-24,2025-05-25,1,10875.55,8069.69,2805.86,2,14039.15,9684.24,2177.45,84.8,8
222,Empório do Planalto,Ceilândia,Comércio,EPP,Feminino,41,Operações,Implementação de controle de estoque,2025-12-19,2026-06-19,47,43198.71,26363.99,358.19,47,47581.89,28261.06,411.08,60.9,9
223,Papelaria Alvorada,Samambaia,Comércio,EPP,Masculino,38,Pessoas,Capacitação em liderança para o(a) proprietário(a),2024-06-27,2024-12-26,38,48279.04,31587.93,439.24,38,54896.91,33702.76,557.74,76.9,7
224,Consultoria Alvorada,Gama,Serviço,ME,Masculino,42,Comercial,Treinamento de técnicas de vendas para a equipe,2025-07-15,2026-01-13,8,10371.37,4580.25,723.89,8,8817.81,4255.26,570.32,22.7,4
225,Fábrica Talento DF,Ceilândia,Indústria,ME,Feminino,32,Finanças,Consultoria em precificação e formação de preço de venda,2024-07-12,2025-01-10,13,4344.06,2129.76,170.33,13,5140.55,2350.61,214.61,72.0,6
226,Studio Sol Nascente,Ceilândia,Serviço,ME,Masculino,38,Finanças,Consultoria em precificação e formação de preço de venda,2025-08-25,2026-02-23,4,7941.26,2934.91,1251.59,4,7941.03,2931.25,1252.45,50.3,8
227,Estúdio do Planalto 2,Guará,Serviço,EPP,Masculino,42,Marketing,Consultoria em posicionamento de marca,2025-05-21,2025-11-19,49,70706.08,18576.0,1063.88,49,105845.59,19869.48,1754.61,100.0,10
228,Salão Alvorada,Ceilândia,Serviço,ME,Feminino,34,Pessoas,"Plano de cargos, salários e retenção de talentos",2025-03-16,2025-09-14,8,13123.92,3971.23,1144.09,8,19133.1,4354.6,1847.31,100.0,9
229,Gráfica Buriti,Planaltina,Indústria,ME,Masculino,71,Marketing,Consultoria em posicionamento de marca,2025-08-02,2026-01-31,2,4728.41,2193.24,1267.58,2,4865.84,2296.4,1284.72,44.6,7
230,Academia do Cerrado,Plano Piloto,Serviço,ME,Masculino,42,Comercial,Plano de expansão de canais de venda,2025-01-03,2025-07-04,6,7070.67,2234.55,806.02,6,6757.73,2303.92,742.3,33.4,6
231,Boutique Brasília,Taguatinga,Comércio,ME,Masculino,23,Marketing,Plano de captação de clientes via marketing local,2025-05-16,2025-11-14,5,15952.01,9432.21,1303.96,5,11266.13,7224.82,808.26,12.4,4
232,Studio Lago Sul,Taguatinga,Serviço,ME,Masculino,33,Operações,Plano de melhoria de layout e fluxo logístico/produtivo,2025-10-02,2026-04-02,3,4782.02,1959.11,940.97,3,4150.44,1704.72,815.24,49.3,4
233,Marcenaria das Águas Claras,Santa Maria,Indústria,ME,Masculino,47,Comercial,Consultoria em negociação com fornecedores e clientes,2025-03-07,2025-09-05,9,10537.46,5718.46,535.44,9,11526.35,6125.44,600.1,57.5,8
234,Escritório Cristal,Vicente Pires,Serviço,ME,Masculino,69,Operações,Implementação de controle de estoque,2024-06-14,2024-12-13,9,4186.76,1385.82,311.22,9,4994.88,1542.42,383.61,64.8,10
235,Assessoria Brasília,Taguatinga,Serviço,EPP,Masculino,36,Comercial,Criação de script de atendimento comercial,2026-01-28,2026-07-29,13,118971.76,46216.32,5596.57,13,108945.96,44266.34,4975.36,38.1,5
236,Alimentos JK,Vicente Pires,Indústria,ME,Masculino,62,Comercial,Criação de script de atendimento comercial,2025-04-26,2025-10-25,18,7263.52,4644.58,145.5,17,5169.67,3389.44,104.72,39.2,5
237,Assessoria Buriti,Gama,Serviço,ME,Masculino,73,Marketing,Consultoria em posicionamento de marca,2025-02-18,2025-08-19,7,10459.15,3245.57,1030.51,7,7525.92,2711.66,687.75,9.9,5
238,Espaço Ipê Amarelo,Recanto das Emas,Serviço,ME,Masculino,47,Comercial,Treinamento de técnicas de vendas para a equipe,2024-07-16,2025-01-14,2,1890.28,497.81,696.24,2,1880.5,473.23,703.63,57.8,6
239,Clínica Alvorada,Guará,Serviço,EPP,Masculino,53,Pessoas,Capacitação em liderança para o(a) proprietário(a),2024-07-26,2025-01-24,22,30001.0,8158.95,992.82,22,28143.33,8194.1,906.78,37.2,4
240,Oficina do Cerrado,Guará,Serviço,EPP,Feminino,39,Comercial,Implementação de funil de vendas estruturado,2024-11-03,2025-05-04,43,84520.64,35620.63,1137.21,43,85972.36,38282.89,1109.06,34.1,6
241,Consultoria Ipê Amarelo,Sobradinho,Serviço,ME,Feminino,47,Comercial,Implementação de funil de vendas estruturado,2025-12-16,2026-06-16,7,5805.74,2433.6,481.73,7,4895.76,2193.16,386.09,30.8,4
242,Oficina Ipê Amarelo,Planaltina,Serviço,ME,Feminino,35,Comercial,Plano de expansão de canais de venda,2025-08-17,2026-02-15,1,10350.56,3571.7,6778.86,1,11702.14,3790.59,7911.55,64.1,6
243,Oficina Candango,Planaltina,Serviço,ME,Masculino,50,Marketing,Estruturação de presença em redes sociais,2025-02-08,2025-08-09,2,9160.93,2560.74,3300.1,2,6350.43,2092.65,2128.89,9.8,4
244,Papelaria Talento DF,Plano Piloto,Comércio,EPP,Feminino,29,Comercial,Plano de expansão de canais de venda,2025-09-04,2026-03-05,47,56441.86,36986.23,413.95,47,44670.27,31416.51,281.99,18.0,4
245,Assessoria Candango,Ceilândia,Serviço,ME,Masculino,50,Operações,Plano de melhoria de layout e fluxo logístico/produtivo,2025-01-26,2025-07-27,2,5847.5,2243.6,1801.95,2,7815.21,2602.34,2606.43,83.8,10
246,Salão Cristal,Guará,Serviço,ME,Feminino,55,Comercial,Plano de expansão de canais de venda,2025-11-25,2026-05-26,6,4123.46,1304.86,469.77,6,3204.92,1128.12,346.13,26.3,4
247,Salão Candango 2,Ceilândia,Serviço,ME,Feminino,27,Comercial,Treinamento de técnicas de vendas para a equipe,2024-12-17,2025-06-17,9,11664.16,3108.54,950.62,8,9469.13,2736.61,841.56,35.0,4
248,Academia Brasília,Samambaia,Serviço,ME,Masculino,55,Marketing,Criação de plano de marketing digital,2025-08-11,2026-02-09,2,6592.93,2072.74,2260.09,2,8922.72,2514.77,3203.98,71.7,10
249,Mercearia do Cerrado,Ceilândia,Comércio,ME,Feminino,38,Finanças,Separação financeira entre pessoa física e jurídica,2025-02-22,2025-08-23,1,11096.72,7635.82,3460.9,1,16600.17,10177.81,6422.36,100.0,10
250,Fábrica Alvorada,Taguatinga,Indústria,ME,Masculino,34,Marketing,Desenvolvimento de identidade visual e branding,2025-07-17,2026-01-15,16,10050.03,6489.04,222.56,15,7967.24,5542.6,161.64,12.2,5
251,Confecções Lago Sul,Recanto das Emas,Indústria,ME,Feminino,26,Comercial,Plano de expansão de canais de venda,2024-09-22,2025-03-23,19,6116.5,2984.96,164.82,19,6531.95,3125.0,179.31,56.4,7
252,Salão das Águas Claras 2,Recanto das Emas,Serviço,EPP,Masculino,51,Comercial,Criação de script de atendimento comercial,2025-12-29,2026-06-29,30,80117.3,34683.67,1514.45,30,83560.87,37477.98,1536.1,39.6,6
253,Clínica Candango,Águas Claras,Serviço,ME,Feminino,35,Marketing,Criação de plano de marketing digital,2024-11-22,2025-05-23,3,15225.61,5196.87,3342.91,4,19737.21,5490.39,3561.71,92.1,10
254,Escritório Sol Nascente 2,Ceilândia,Serviço,ME,Masculino,30,Operações,Plano de melhoria de layout e fluxo logístico/produtivo,2025-04-24,2025-10-23,1,5600.61,2143.04,3457.57,1,5196.69,2051.62,3145.07,41.9,3
255,Espaço Candango 2,Águas Claras,Serviço,ME,Masculino,44,Operações,Plano de melhoria de layout e fluxo logístico/produtivo,2025-07-25,2026-01-23,9,16341.6,6908.24,1048.15,9,17232.54,7235.77,1110.75,51.9,6
256,Salão Buriti,Plano Piloto,Serviço,EPP,Feminino,28,Comercial,Plano de expansão de canais de venda,2025-07-04,2026-01-02,41,115168.17,41632.38,1793.56,42,143977.92,48418.63,2275.22,66.8,7
257,Boutique Cristal,Santa Maria,Comércio,ME,Feminino,36,Comercial,Plano de expansão de canais de venda,2025-05-05,2025-11-03,9,17676.16,9939.17,859.67,9,23704.68,12664.04,1226.74,68.7,7
258,Salão Alvorada 2,Gama,Serviço,ME,Feminino,50,Marketing,Consultoria em posicionamento de marca,2025-11-12,2026-05-13,8,15021.92,4553.98,1308.49,8,16297.56,4715.79,1447.72,59.2,8
259,Academia do Planalto 2,Planaltina,Serviço,ME,Masculino,37,Marketing,Desenvolvimento de identidade visual e branding,2026-01-13,2026-07-14,4,7178.6,2947.4,1057.8,4,6976.4,2856.0,1030.1,50.8,5
260,Clínica Meridiano 2,Planaltina,Serviço,ME,Masculino,53,Marketing,Criação de plano de marketing digital,2025-09-09,2026-03-10,5,30000.0,10817.35,3836.53,4,19500.0,8006.28,2873.43,0.0,3
261,Escritório Sol Nascente 3,Núcleo Bandeirante,Serviço,ME,Feminino,43,Marketing,Plano de captação de clientes via marketing local,2024-09-21,2025-03-22,4,8763.09,2767.51,1498.89,4,8988.77,2656.77,1583.0,63.5,7
262,Salão Talento DF 2,Santa Maria,Serviço,ME,Masculino,68,Operações,Padronização de processos operacionais,2025-09-13,2026-03-14,7,9244.93,3389.75,836.45,7,9022.06,3255.25,823.83,53.9,6
263,Consultoria Cristal 2,Planaltina,Serviço,ME,Masculino,31,Finanças,Plano de redução e renegociação de custos fixos,2025-04-04,2025-10-03,1,7894.8,2397.76,5497.04,1,7000.58,2024.32,4976.26,59.7,8
264,Ótica Ipê Amarelo,Planaltina,Comércio,ME,Masculino,31,Marketing,Plano de captação de clientes via marketing local,2025-04-24,2025-10-23,1,4061.62,2429.67,1631.95,1,3082.52,1987.3,1095.21,19.0,7
265,Clínica Candango 2,Ceilândia,Serviço,ME,Masculino,32,Finanças,Separação financeira entre pessoa física e jurídica,2025-12-27,2026-06-27,9,17400.27,7232.92,1129.71,9,20263.46,8064.42,1355.45,61.8,9
266,Consultoria Talento DF 2,Vicente Pires,Serviço,EPP,Masculino,39,Comercial,Implementação de funil de vendas estruturado,2025-04-18,2025-10-17,22,39607.77,13071.1,1206.21,22,46607.0,14206.45,1472.75,66.8,9
267,Espaço das Águas Claras,Plano Piloto,Serviço,ME,Masculino,44,Marketing,Desenvolvimento de identidade visual e branding,2025-11-01,2026-05-02,1,5674.6,1729.6,3944.99,1,5518.36,1733.31,3785.06,43.8,7
268,Ótica Brasília,Samambaia,Comércio,ME,Masculino,48,Comercial,Plano de expansão de canais de venda,2025-07-01,2025-12-30,7,13890.54,8776.53,730.57,7,13760.68,8465.37,756.47,61.1,8
269,Salão do Cerrado 2,Núcleo Bandeirante,Serviço,ME,Feminino,25,Comercial,Plano de expansão de canais de venda,2024-07-24,2025-01-22,4,16041.41,6964.0,2269.35,4,17555.5,7629.21,2481.57,49.7,8
270,Distribuidora do Planalto,Guará,Comércio,ME,Feminino,22,Pessoas,Capacitação em liderança para o(a) proprietário(a),2025-08-02,2026-01-31,3,11489.51,6734.66,1584.95,3,12089.62,7097.3,1664.1,49.4,7
271,Laticínios Lago Sul,Ceilândia,Indústria,ME,Feminino,41,Operações,Padronização de processos operacionais,2025-03-29,2025-09-27,9,5281.76,2572.46,301.03,9,5128.68,2513.29,290.6,48.0,6
272,Consultoria Meridiano 2,Ceilândia,Serviço,ME,Masculino,74,Marketing,Consultoria em posicionamento de marca,2025-04-30,2025-10-29,5,6519.48,2091.14,885.67,5,6334.64,1889.33,889.06,65.0,8
273,Loja Bandeirante,Ceilândia,Comércio,ME,Feminino,28,Pessoas,"Plano de cargos, salários e retenção de talentos",2024-12-02,2025-06-02,6,1605.12,902.22,117.15,6,1544.41,875.28,111.52,46.9,7
274,Academia JK 2,Gama,Serviço,ME,Masculino,29,Comercial,Treinamento de técnicas de vendas para a equipe,2024-09-22,2025-03-23,9,7460.04,1976.79,609.25,9,10568.03,2109.21,939.87,93.6,10
275,Metalúrgica Sol Nascente,Ceilândia,Indústria,EPP,Masculino,30,Operações,Consultoria em gestão da qualidade,2025-08-28,2026-02-26,90,100857.85,45607.49,613.89,90,131303.61,52639.06,874.05,84.2,10
276,Clínica do Cerrado 2,Vicente Pires,Serviço,EPP,Masculino,38,Finanças,Capacitação em gestão de capital de giro,2024-10-30,2025-04-30,43,30102.88,8405.85,504.58,43,33586.63,8849.65,575.28,60.5,8
277,Confecções Bandeirante,Vicente Pires,Indústria,ME,Masculino,32,Finanças,Plano de redução e renegociação de custos fixos,2024-07-27,2025-01-25,10,12949.64,7485.89,546.37,10,12962.95,7586.92,537.6,45.2,3
278,Escritório das Águas Claras 2,Gama,Serviço,ME,Feminino,29,Comercial,Criação de script de atendimento comercial,2025-03-28,2025-09-26,6,6937.48,2006.91,821.76,6,5433.51,1832.64,600.14,18.0,4
279,Espaço das Águas Claras 2,Recanto das Emas,Serviço,ME,Masculino,42,Finanças,Consultoria em precificação e formação de preço de venda,2025-08-09,2026-02-07,2,5614.73,1827.92,1893.4,3,7957.39,2009.3,1982.69,98.7,9
280,Escritório JK 2,Samambaia,Serviço,ME,Feminino,29,Comercial,Criação de script de atendimento comercial,2024-10-03,2025-04-03,6,6691.2,2617.04,679.03,6,7232.45,2635.63,766.14,67.8,7
281,Papelaria Cristal,Ceilândia,Comércio,ME,Masculino,37,Finanças,Implementação de fluxo de caixa semanal,2025-01-07,2025-07-08,7,16587.69,9228.81,1051.27,6,14176.06,8254.93,986.86,32.7,9
282,Salão Lago Sul 2,Santa Maria,Serviço,ME,Masculino,24,Marketing,Desenvolvimento de identidade visual e branding,2025-02-14,2025-08-15,8,7743.25,2259.57,685.46,7,5976.14,2034.35,563.11,17.6,7
283,Escritório Brasília 2,Ceilândia,Serviço,ME,Masculino,65,Finanças,Consultoria em precificação e formação de preço de venda,2025-12-16,2026-06-16,1,24390.44,10955.64,13434.8,1,32720.76,12837.26,19883.5,87.9,7
284,Boutique do Planalto,Ceilândia,Comércio,ME,Masculino,42,Finanças,Consultoria em precificação e formação de preço de venda,2024-08-29,2025-02-27,8,5680.29,3802.34,234.74,8,6800.72,4351.39,306.17,69.7,8
285,Ótica do Cerrado,Plano Piloto,Comércio,EPP,Feminino,30,Pessoas,Capacitação em liderança para o(a) proprietário(a),2025-12-13,2026-06-13,30,64362.05,43894.65,682.25,30,53246.05,38262.39,499.46,25.6,5
286,Oficina Buriti 2,Ceilândia,Serviço,ME,Masculino,28,Marketing,Consultoria em posicionamento de marca,2024-08-29,2025-02-27,1,9113.72,3219.05,5894.66,1,8540.84,3094.85,5445.98,43.9,6
287,Clínica do Cerrado 3,Águas Claras,Serviço,ME,Masculino,44,Pessoas,"Plano de cargos, salários e retenção de talentos",2025-05-19,2025-11-17,9,6168.16,2733.6,381.62,9,6941.37,2941.95,444.38,62.9,8
288,Consultoria Brasília 2,Guará,Serviço,ME,Masculino,48,Comercial,Consultoria em negociação com fornecedores e clientes,2025-10-28,2026-04-28,5,27774.92,7745.3,4005.92,5,31707.13,8109.4,4719.55,65.4,7
289,Papelaria Lago Sul,Sobradinho,Comércio,ME,Feminino,24,Finanças,Separação financeira entre pessoa física e jurídica,2025-12-04,2026-06-04,4,8910.81,5021.01,972.45,4,8249.11,4875.84,843.32,31.6,6
290,Consultoria JK 2,Recanto das Emas,Serviço,ME,Feminino,29,Marketing,Consultoria em posicionamento de marca,2025-04-27,2025-10-26,2,28682.5,11852.56,8414.97,2,33567.86,14097.94,9734.96,45.5,7
291,Papelaria do Planalto,São Sebastião,Comércio,EPP,Masculino,25,Marketing,Estruturação de presença em redes sociais,2025-03-28,2025-09-26,12,52507.73,28922.27,1965.45,12,55529.28,28995.68,2211.13,69.1,7
292,Clínica Candango 3,Águas Claras,Serviço,ME,Feminino,35,Finanças,Capacitação em gestão de capital de giro,2025-09-20,2026-03-21,1,6217.48,2252.67,3964.81,1,8121.57,2835.34,5286.23,58.8,8
293,Academia Bandeirante 2,São Sebastião,Serviço,ME,Masculino,74,Operações,Consultoria em gestão da qualidade,2025-12-07,2026-06-07,3,20005.14,5006.94,4999.4,4,26118.65,4578.14,5385.13,100.0,10
294,Espaço do Cerrado 2,Planaltina,Serviço,ME,Masculino,40,Marketing,Plano de captação de clientes via marketing local,2024-06-08,2024-12-07,3,8586.95,2744.81,1947.38,3,7084.78,2430.43,1551.45,34.4,1
295,Espaço Talento DF 2,Taguatinga,Serviço,ME,Masculino,28,Operações,Padronização de processos operacionais,2024-11-07,2025-05-08,5,13216.09,5024.46,1638.33,5,11734.81,4568.68,1433.23,43.9,9
296,Mercadinho Alvorada,Vicente Pires,Comércio,ME,Feminino,53,Comercial,Criação de script de atendimento comercial,2024-11-22,2025-05-23,6,3848.24,2537.78,218.41,6,3914.67,2613.88,216.8,44.5,8
297,Espaço Candango 3,Samambaia,Serviço,ME,Masculino,51,Marketing,Desenvolvimento de identidade visual e branding,2025-10-22,2026-04-22,9,9860.04,3569.06,699.0,9,11372.06,3974.79,821.92,58.3,8
298,Consultoria Sol Nascente 2,Ceilândia,Serviço,EPP,Feminino,31,Finanças,Capacitação em gestão de capital de giro,2024-06-11,2024-12-10,41,61546.83,17323.54,1078.62,41,65466.44,17444.79,1171.26,60.0,6
299,Manufatura Talento DF,Samambaia,Indústria,ME,Masculino,31,Pessoas,Definição de rotinas e organograma da equipe,2024-08-16,2025-02-14,10,4212.13,2143.75,206.84,10,3738.18,2007.95,173.02,31.2,4
300,Cerâmica Bandeirante,Plano Piloto,Indústria,ME,Masculino,36,Comercial,Treinamento de técnicas de vendas para a equipe,2024-06-03,2024-12-02,18,9334.33,5525.98,211.58,19,11609.5,6185.03,285.5,89.5,8
301,Loja Cristal,Plano Piloto,Comércio,ME,Feminino,45,Finanças,Plano de redução e renegociação de custos fixos,2026-01-03,2026-07-04,6,3216.87,1784.26,238.77,6,3919.68,1923.62,332.68,92.6,9
302,Assessoria do Cerrado 2,Planaltina,Serviço,EPP,Feminino,52,Finanças,Capacitação em gestão de capital de giro,2024-06-20,2024-12-19,26,34826.4,12852.91,845.13,25,29594.66,11938.68,706.24,27.1,3
303,Academia Talento DF 2,Riacho Fundo,Serviço,ME,Feminino,35,Marketing,Plano de captação de clientes via marketing local,2024-11-09,2025-05-10,2,7560.91,2672.13,2444.39,2,8758.08,2891.59,2933.24,65.5,8
304,Mercearia das Águas Claras,Samambaia,Comércio,ME,Masculino,52,Pessoas,Capacitação em liderança para o(a) proprietário(a),2025-04-15,2025-10-14,4,15437.64,9552.68,1471.24,3,11982.71,7995.36,1329.12,17.7,5
305,Espaço Sol Nascente 2,Planaltina,Serviço,ME,Masculino,26,Pessoas,"Plano de cargos, salários e retenção de talentos",2024-12-30,2025-06-30,1,11111.43,3521.82,7589.6,1,11193.59,3494.14,7699.45,53.2,6
306,Escritório JK 3,Plano Piloto,Serviço,ME,Feminino,27,Marketing,Plano de captação de clientes via marketing local,2024-07-26,2025-01-24,2,3815.5,1563.55,1125.97,2,3066.96,1404.02,831.47,18.0,5
307,Ótica Sol Nascente,Sobradinho,Comércio,ME,Feminino,22,Pessoas,Definição de rotinas e organograma da equipe,2025-02-07,2025-08-08,9,2561.03,1604.23,106.31,9,2506.38,1549.69,106.3,55.4,8
308,Assessoria do Planalto 2,Taguatinga,Serviço,ME,Masculino,51,Operações,Implementação de controle de estoque,2025-10-01,2026-04-01,2,10779.09,2866.94,3956.08,2,12689.89,3165.77,4762.06,61.0,10
309,Studio Lago Sul 2,Ceilândia,Serviço,ME,Feminino,42,Comercial,Criação de script de atendimento comercial,2024-11-24,2025-05-25,6,20659.2,9139.79,1919.9,6,24496.39,10510.37,2331.0,58.9,7
310,Manufatura Buriti,Planaltina,Indústria,ME,Masculino,31,Marketing,Estruturação de presença em redes sociais,2025-04-11,2025-10-10,2,4486.5,2135.91,1175.3,2,6858.16,2788.69,2034.74,96.3,10
311,Boutique Candango,Guará,Comércio,ME,Masculino,18,Finanças,Implementação de fluxo de caixa semanal,2025-03-14,2025-09-12,6,28159.48,19978.89,1363.43,7,39130.06,25684.61,1920.78,85.4,9
312,Oficina Talento DF 2,Sobradinho,Serviço,EPP,Masculino,53,Finanças,Implementação de fluxo de caixa semanal,2024-10-28,2025-04-28,49,76296.76,19286.96,1163.47,49,86816.29,20110.01,1361.35,64.1,7
313,Consultoria do Cerrado 2,Gama,Serviço,EPP,Masculino,47,Comercial,Treinamento de técnicas de vendas para a equipe,2024-06-02,2024-12-01,28,143567.11,46354.9,3471.86,28,204616.62,50720.3,5496.3,100.0,10
314,Consultoria Talento DF 3,Sobradinho,Serviço,ME,Masculino,36,Finanças,Separação financeira entre pessoa física e jurídica,2025-10-25,2026-04-25,2,7968.89,2813.31,2577.79,2,9681.67,2931.47,3375.1,83.5,10
315,Studio Alvorada 2,Plano Piloto,Serviço,ME,Masculino,33,Pessoas,Capacitação em liderança para o(a) proprietário(a),2026-01-28,2026-07-29,1,2470.02,632.22,1837.8,1,2763.47,645.15,2118.32,65.0,8
316,Mercadinho Lago Sul,Ceilândia,Comércio,ME,Feminino,58,Pessoas,Capacitação em liderança para o(a) proprietário(a),2025-04-07,2025-10-06,7,3135.89,2185.14,135.82,7,3678.44,2464.99,173.35,67.8,7
317,Ótica Cristal,Ceilândia,Comércio,EPP,Feminino,50,Comercial,Consultoria em negociação com fornecedores e clientes,2025-10-20,2026-04-20,14,35156.98,21168.59,999.17,14,41042.32,23013.1,1287.8,77.6,7
318,Salão Bandeirante 2,Ceilândia,Serviço,ME,Masculino,39,Marketing,Estruturação de presença em redes sociais,2024-12-31,2025-07-01,3,12697.58,4548.7,2716.29,3,11935.16,4486.83,2482.78,38.2,5
319,Consultoria Meridiano 3,Plano Piloto,Serviço,ME,Feminino,42,Comercial,Implementação de funil de vendas estruturado,2025-12-28,2026-06-28,8,8646.74,3531.9,639.36,8,10081.26,3705.02,797.03,77.3,9
320,Pet Shop JK,Planaltina,Comércio,ME,Masculino,55,Finanças,Consultoria em precificação e formação de preço de venda,2025-05-13,2025-11-11,5,19468.04,13008.99,1291.81,5,18066.47,12655.07,1082.28,28.5,4
321,Oficina do Cerrado 2,Plano Piloto,Serviço,EPP,Masculino,57,Comercial,Implementação de funil de vendas estruturado,2025-10-02,2026-04-02,44,66596.34,22717.52,997.25,44,74824.02,23896.75,1157.44,64.5,8
322,Oficina do Cerrado 3,Gama,Serviço,ME,Masculino,39,Finanças,Separação financeira entre pessoa física e jurídica,2025-07-16,2026-01-14,8,3898.4,1236.66,332.72,8,4102.78,1336.57,345.78,44.3,5
323,Oficina Sol Nascente 2,Planaltina,Serviço,ME,Feminino,39,Comercial,Implementação de funil de vendas estruturado,2025-12-16,2026-06-16,6,8589.48,2224.86,1060.77,6,11242.73,2126.24,1519.42,96.6,10
324,Boutique das Águas Claras,Guará,Comércio,EPP,Masculino,42,Finanças,Consultoria em precificação e formação de preço de venda,2025-05-07,2025-11-05,47,96069.78,70381.12,546.57,47,111957.19,77519.63,732.71,76.8,10
325,Assessoria do Cerrado 3,Guará,Serviço,ME,Masculino,51,Finanças,Plano de redução e renegociação de custos fixos,2025-10-30,2026-04-30,1,8032.52,2959.07,5073.45,2,11521.8,3580.82,3970.49,88.4,10
326,Distribuidora Brasília,Plano Piloto,Comércio,EPP,Feminino,36,Finanças,Capacitação em gestão de capital de giro,2025-12-21,2026-06-21,19,50964.9,34467.92,868.26,19,54670.98,36154.31,974.56,60.0,10
327,Clínica das Águas Claras 2,Plano Piloto,Serviço,ME,Masculino,24,Pessoas,"Plano de cargos, salários e retenção de talentos",2025-09-07,2026-03-08,3,7342.16,2482.4,1619.92,2,4772.4,1852.18,1460.11,11.3,3
328,Ótica Buriti,Gama,Comércio,ME,Masculino,29,Finanças,Implementação de fluxo de caixa semanal,2025-01-02,2025-07-03,9,6359.04,3971.49,265.28,9,6063.07,3772.09,254.55,51.6,8
329,Consultoria do Cerrado 3,Gama,Serviço,EPP,Masculino,74,Comercial,Implementação de funil de vendas estruturado,2024-07-26,2025-01-24,34,126793.61,32881.51,2762.12,34,122047.63,33444.83,2605.96,40.2,4
330,Studio Ipê Amarelo 2,Plano Piloto,Serviço,ME,Masculino,74,Marketing,Desenvolvimento de identidade visual e branding,2025-02-06,2025-08-07,3,6435.45,1826.37,1536.36,3,6095.21,1882.49,1404.24,33.3,6
331,Salão do Cerrado 3,Plano Piloto,Serviço,ME,Feminino,56,Comercial,Consultoria em negociação com fornecedores e clientes,2025-07-28,2026-01-26,2,8883.8,2977.05,2953.38,2,11875.74,3105.03,4385.36,99.1,10
332,Studio do Cerrado 2,Guará,Serviço,ME,Masculino,40,Comercial,Treinamento de técnicas de vendas para a equipe,2025-11-06,2026-05-07,8,9592.58,2861.86,841.34,8,10897.71,2901.42,999.54,71.4,9
333,Escritório das Águas Claras 3,Recanto das Emas,Serviço,ME,Masculino,49,Finanças,Implementação de fluxo de caixa semanal,2025-09-13,2026-03-14,8,9309.03,2410.0,862.38,8,9122.52,2480.76,830.22,41.3,7
334,Espaço JK 2,Taguatinga,Serviço,ME,Feminino,49,Marketing,Desenvolvimento de identidade visual e branding,2025-06-24,2025-12-23,1,16494.62,5924.91,10569.7,1,17013.02,6238.72,10774.3,45.0,4
335,Salão Buriti 2,Águas Claras,Serviço,ME,Masculino,28,Marketing,Consultoria em posicionamento de marca,2025-04-24,2025-10-23,4,3891.03,1333.93,639.27,4,4325.36,1380.32,736.26,65.8,7
336,Estúdio Talento DF 2,Riacho Fundo,Serviço,ME,Feminino,30,Marketing,Desenvolvimento de identidade visual e branding,2026-01-11,2026-07-12,5,2697.79,901.8,359.2,4,2067.5,794.49,318.25,11.4,3
337,Gráfica das Águas Claras,Ceilândia,Indústria,ME,Feminino,64,Marketing,Consultoria em posicionamento de marca,2024-10-27,2025-04-27,5,14726.09,8936.47,1157.92,5,13412.27,8597.88,962.88,27.2,5
338,Academia Talento DF 3,São Sebastião,Serviço,ME,Masculino,19,Comercial,Plano de expansão de canais de venda,2025-09-27,2026-03-28,7,4541.81,1680.04,408.82,7,5635.99,2007.85,518.3,59.1,8
339,Papelaria Bandeirante,Taguatinga,Comércio,ME,Feminino,37,Comercial,Treinamento de técnicas de vendas para a equipe,2025-05-03,2025-11-01,7,6371.0,3505.85,409.31,7,7677.47,3825.17,550.33,84.7,10
340,Confecções Brasília,Planaltina,Indústria,ME,Masculino,36,Finanças,Separação financeira entre pessoa física e jurídica,2025-04-09,2025-10-08,16,5541.04,3337.82,137.7,16,6718.11,3696.18,188.87,84.8,8
341,Consultoria Talento DF 4,Águas Claras,Serviço,ME,Feminino,53,Comercial,Plano de expansão de canais de venda,2025-01-30,2025-07-31,8,5470.3,1895.56,446.84,8,3555.7,1409.9,268.23,5.4,2
342,Armarinhos Brasília,Ceilândia,Comércio,EPP,Masculino,31,Finanças,Separação financeira entre pessoa física e jurídica,2025-06-23,2025-12-22,43,47371.27,30950.63,381.88,44,60907.38,36861.92,546.49,82.1,8
343,Mercadinho das Águas Claras,Vicente Pires,Comércio,ME,Feminino,48,Comercial,Treinamento de técnicas de vendas para a equipe,2026-01-31,2026-08-01,4,3335.03,2427.62,226.85,4,3316.92,2423.89,223.26,48.1,7
344,Mercadinho do Planalto,Águas Claras,Comércio,ME,Masculino,28,Marketing,Criação de plano de marketing digital,2025-02-03,2025-08-04,3,5684.4,3250.59,811.27,3,6302.58,3531.3,923.76,57.7,7
345,Oficina Meridiano 2,Vicente Pires,Serviço,ME,Feminino,45,Finanças,Plano de redução e renegociação de custos fixos,2024-08-08,2025-02-06,3,11811.11,4368.7,2480.8,3,15717.5,4943.64,3591.29,86.9,8
346,Assessoria do Planalto 3,Samambaia,Serviço,EPP,Masculino,27,Finanças,Separação financeira entre pessoa física e jurídica,2024-08-17,2025-02-15,44,56282.43,17246.74,887.17,44,36583.58,13039.56,535.09,0.0,2
347,Consultoria Sol Nascente 3,São Sebastião,Serviço,ME,Feminino,54,Marketing,Desenvolvimento de identidade visual e branding,2024-09-16,2025-03-17,6,7981.15,2053.89,987.88,6,8247.42,2049.42,1033.0,55.9,5
348,Studio Meridiano 2,Vicente Pires,Serviço,ME,Feminino,45,Comercial,Implementação de funil de vendas estruturado,2025-02-04,2025-08-05,3,10828.11,3654.23,2391.29,3,11157.7,4019.86,2379.28,34.8,7
349,Alimentos do Planalto,Gama,Indústria,ME,Masculino,26,Operações,Implementação de controle de estoque,2024-06-03,2024-12-02,14,5940.49,3010.18,209.31,14,3909.91,2176.74,123.8,14.2,3
350,Metalúrgica Buriti,Taguatinga,Indústria,ME,Masculino,33,Pessoas,Definição de rotinas e organograma da equipe,2024-11-19,2025-05-20,5,13751.52,6192.29,1511.85,6,19023.92,7139.65,1980.71,100.0,10
351,Salão Candango 3,Guará,Serviço,ME,Masculino,50,Pessoas,Estruturação de processo seletivo e onboarding,2025-07-30,2026-01-28,3,5896.89,2055.59,1280.43,3,5954.37,1991.67,1320.9,59.4,7
352,Boutique do Cerrado,Gama,Comércio,EPP,Feminino,25,Comercial,Criação de script de atendimento comercial,2025-07-19,2026-01-17,10,34747.57,21273.32,1347.43,11,45074.14,25127.69,1813.31,86.5,10
353,Salão do Cerrado 4,Vicente Pires,Serviço,ME,Feminino,29,Finanças,Consultoria em precificação e formação de preço de venda,2025-07-14,2026-01-12,9,2257.61,760.42,166.35,9,2462.07,759.86,189.14,68.8,5
354,Armarinhos JK,Águas Claras,Comércio,ME,Masculino,42,Marketing,Plano de captação de clientes via marketing local,2025-07-14,2026-01-12,3,9673.75,5343.26,1443.5,3,12372.1,6390.14,1993.99,73.9,10
355,Studio JK 2,Samambaia,Serviço,ME,Masculino,61,Marketing,Plano de captação de clientes via marketing local,2024-07-17,2025-01-15,7,12678.05,4188.28,1212.83,8,16837.54,4489.0,1543.57,92.5,9
356,Laticínios Talento DF,Taguatinga,Indústria,ME,Feminino,38,Marketing,Desenvolvimento de identidade visual e branding,2025-12-24,2026-06-24,3,5719.6,3111.92,869.22,3,7068.13,3430.03,1212.7,89.2,7
357,Pet Shop Talento DF,Guará,Comércio,ME,Masculino,41,Comercial,Implementação de funil de vendas estruturado,2024-11-29,2025-05-30,1,16427.64,10566.33,5861.31,1,18143.51,11261.76,6881.76,65.0,8
358,Espaço Cristal 2,Núcleo Bandeirante,Serviço,ME,Masculino,66,Finanças,Consultoria em precificação e formação de preço de venda,2024-07-19,2025-01-17,7,4801.97,1889.02,416.14,7,5841.87,2206.97,519.27,60.4,7
359,Salão Talento DF 3,Ceilândia,Serviço,ME,Masculino,44,Finanças,Consultoria em precificação e formação de preço de venda,2025-10-09,2026-04-09,1,11963.71,5362.82,6600.89,1,10141.96,4594.89,5547.07,46.8,5
360,Ótica Bandeirante,Santa Maria,Comércio,ME,Feminino,37,Finanças,Consultoria em precificação e formação de preço de venda,2025-03-13,2025-09-11,2,22789.66,12661.31,5064.18,2,24264.1,12898.13,5682.99,66.0,9
361,Estúdio do Cerrado 2,Vicente Pires,Serviço,EPP,Masculino,37,Finanças,Plano de redução e renegociação de custos fixos,2024-12-29,2025-06-29,23,64326.34,21176.57,1876.08,23,65747.6,21526.11,1922.67,51.2,4
362,Clínica do Cerrado 4,Ceilândia,Serviço,ME,Feminino,26,Pessoas,Estruturação de processo seletivo e onboarding,2025-01-30,2025-07-31,6,8178.27,3445.86,788.73,6,8507.19,3487.47,836.62,57.6,7
363,Mercadinho Buriti,Ceilândia,Comércio,ME,Masculino,31,Finanças,Implementação de fluxo de caixa semanal,2025-05-22,2025-11-20,1,6983.51,4714.84,2268.67,2,9706.65,5860.29,1923.18,97.6,10
364,Oficina do Planalto 2,Guará,Serviço,ME,Feminino,50,Marketing,Desenvolvimento de identidade visual e branding,2025-04-18,2025-10-17,2,7508.52,3354.21,2077.16,1,6263.0,2999.79,3263.21,28.5,6
365,Assessoria Cristal 2,Recanto das Emas,Serviço,ME,Masculino,20,Pessoas,"Plano de cargos, salários e retenção de talentos",2024-06-09,2024-12-08,4,21251.31,8345.03,3226.57,4,24040.94,8841.85,3799.77,66.6,7
366,Escritório Buriti 2,Ceilândia,Serviço,ME,Masculino,51,Comercial,Consultoria em negociação com fornecedores e clientes,2024-08-12,2025-02-10,7,10186.99,4022.33,880.67,7,13716.99,4578.72,1305.47,90.7,10
367,Salão Sol Nascente 2,São Sebastião,Serviço,EPP,Masculino,28,Marketing,Plano de captação de clientes via marketing local,2025-12-30,2026-06-30,13,60099.84,15939.49,3396.95,13,62456.2,15571.39,3606.52,60.6,7
368,Gráfica Lago Sul,Planaltina,Indústria,ME,Feminino,36,Marketing,Plano de captação de clientes via marketing local,2025-03-27,2025-09-25,6,28961.38,14626.97,2389.07,6,21684.25,11709.51,1662.46,26.7,3
369,Salão Meridiano 2,Riacho Fundo,Serviço,EPP,Feminino,30,Comercial,Criação de script de atendimento comercial,2026-01-24,2026-07-25,17,85122.4,31219.66,3170.75,17,88326.56,32500.81,3283.87,49.2,6
370,Academia Talento DF 4,Riacho Fundo,Serviço,EPP,Masculino,39,Comercial,Criação de script de atendimento comercial,2025-07-06,2026-01-04,22,42284.95,14989.11,1240.72,22,48271.68,14663.9,1527.63,83.8,9
371,Escritório do Cerrado 2,Sobradinho,Serviço,ME,Masculino,49,Operações,Padronização de processos operacionais,2025-08-24,2026-02-22,3,9459.24,3807.52,1883.91,3,8737.82,3625.92,1703.97,41.7,6
372,Fábrica Candango,Planaltina,Indústria,ME,Masculino,39,Operações,Mapeamento e otimização de processos internos,2024-12-09,2025-06-09,13,5404.13,3505.83,146.02,14,7210.69,4292.75,208.42,85.6,10
373,Clínica das Águas Claras 3,Samambaia,Serviço,ME,Feminino,34,Operações,Padronização de processos operacionais,2025-10-25,2026-04-25,1,5636.92,1642.38,3994.54,2,7894.6,1798.08,3048.26,92.4,9
374,Boutique JK,Planaltina,Comércio,ME,Masculino,27,Pessoas,Programa de treinamento e desenvolvimento de colaboradores,2025-07-02,2025-12-31,9,8301.25,5276.94,336.03,9,10286.49,6506.51,420.0,52.1,7
375,Mercadinho Brasília,Ceilândia,Comércio,EPP,Feminino,47,Comercial,Implementação de funil de vendas estruturado,2025-09-02,2026-03-03,19,41233.33,29826.87,600.34,19,47407.12,32728.36,772.57,72.0,7
376,Mercadinho Meridiano,Recanto das Emas,Comércio,ME,Feminino,30,Operações,Mapeamento e otimização de processos internos,2024-11-10,2025-05-11,9,2350.55,1686.82,73.75,9,3233.94,2078.23,128.41,100.0,10
377,Alimentos Sol Nascente,Taguatinga,Indústria,EPP,Feminino,45,Marketing,Desenvolvimento de identidade visual e branding,2025-05-24,2025-11-22,78,77378.98,47467.26,383.48,78,81054.62,49697.73,402.01,50.2,5
378,Mercearia Bandeirante,Planaltina,Comércio,ME,Masculino,26,Marketing,Estruturação de presença em redes sociais,2025-01-12,2025-07-13,4,6016.15,4055.36,490.2,4,4516.45,3270.27,311.55,0.0,4
379,Alimentos Candango,Ceilândia,Indústria,ME,Feminino,30,Operações,Consultoria em gestão da qualidade,2025-12-07,2026-06-07,6,6096.79,3954.62,357.03,7,8719.05,5170.3,506.96,87.1,10
380,Estúdio das Águas Claras 2,Samambaia,Serviço,ME,Feminino,50,Operações,Plano de melhoria de layout e fluxo logístico/produtivo,2025-12-06,2026-06-06,9,9237.91,2970.73,696.35,9,7704.96,2652.29,561.41,34.9,6
381,Armarinhos do Planalto,Samambaia,Comércio,ME,Masculino,41,Pessoas,Programa de treinamento e desenvolvimento de colaboradores,2025-01-02,2025-07-03,9,25649.72,14703.93,1216.2,9,27310.75,15320.21,1332.28,58.2,6
382,Academia Alvorada 2,Recanto das Emas,Serviço,ME,Masculino,18,Comercial,Implementação de funil de vendas estruturado,2024-06-16,2024-12-15,6,8267.49,2286.06,996.91,6,10979.26,2533.6,1407.61,80.5,10
383,Consultoria JK 3,Sobradinho,Serviço,ME,Feminino,72,Marketing,Consultoria em posicionamento de marca,2024-10-31,2025-05-01,1,2524.0,850.94,1673.06,1,1983.53,767.9,1215.63,13.6,3
384,Armarinhos das Águas Claras,Ceilândia,Comércio,ME,Feminino,29,Finanças,Implementação de fluxo de caixa semanal,2024-11-14,2025-05-15,9,4623.25,3287.08,148.46,8,4149.12,3055.16,136.74,33.1,3
385,Metalúrgica JK,São Sebastião,Indústria,EPP,Masculino,36,Marketing,Estruturação de presença em redes sociais,2024-06-12,2024-12-11,58,129385.89,69942.03,1024.89,58,108777.78,60645.71,829.86,38.7,6
386,Armarinhos Meridiano,São Sebastião,Comércio,ME,Feminino,38,Operações,Implementação de controle de estoque,2025-12-23,2026-06-23,1,9363.45,6294.83,3068.62,1,9083.49,6222.44,2861.06,41.5,4
387,Salão Lago Sul 3,Plano Piloto,Serviço,ME,Feminino,37,Operações,Plano de melhoria de layout e fluxo logístico/produtivo,2025-03-12,2025-09-10,8,8459.06,2720.47,717.32,9,10927.73,3009.54,879.8,80.8,7
388,Espaço Brasília 2,Recanto das Emas,Serviço,ME,Masculino,49,Comercial,Plano de expansão de canais de venda,2024-08-29,2025-02-27,1,21202.41,8331.83,12870.58,1,25315.0,8599.92,16715.08,85.5,9
389,Espaço Sol Nascente 3,Águas Claras,Serviço,ME,Feminino,21,Comercial,Implementação de funil de vendas estruturado,2025-06-07,2025-12-06,4,14231.93,3993.88,2559.51,4,16379.96,4498.4,2970.39,54.0,7
390,Academia Buriti 2,Taguatinga,Serviço,EPP,Masculino,63,Comercial,Treinamento de técnicas de vendas para a equipe,2025-01-29,2025-07-30,12,84800.39,30021.3,4564.92,11,74793.85,29036.7,4159.74,27.2,6
391,Espaço Brasília 3,Planaltina,Serviço,ME,Feminino,39,Finanças,Plano de redução e renegociação de custos fixos,2024-09-15,2025-03-16,4,13978.37,4012.15,2491.55,3,9085.94,3062.2,2007.91,0.0,2
392,Consultoria Bandeirante 2,Ceilândia,Serviço,ME,Feminino,73,Finanças,Plano de redução e renegociação de custos fixos,2025-03-04,2025-09-02,8,7022.8,2413.87,576.12,8,7148.23,2581.36,570.86,38.4,6
393,Salão Alvorada 3,Riacho Fundo,Serviço,ME,Feminino,54,Pessoas,Programa de treinamento e desenvolvimento de colaboradores,2025-06-01,2025-11-30,2,15470.18,5199.51,5135.33,2,16193.09,5469.2,5361.95,48.9,6
394,Mercearia Candango,Vicente Pires,Comércio,ME,Feminino,64,Comercial,Criação de script de atendimento comercial,2025-07-04,2026-01-02,2,4673.4,3135.44,768.98,2,5222.76,3484.43,869.17,52.5,8
395,Clínica Bandeirante 2,Sobradinho,Serviço,ME,Feminino,44,Pessoas,Estruturação de processo seletivo e onboarding,2024-10-16,2025-04-16,9,14302.27,5033.1,1029.91,9,18924.99,5913.28,1445.74,76.3,9
396,Indústria Alvorada,Gama,Indústria,EPP,Feminino,43,Finanças,Consultoria em precificação e formação de preço de venda,2025-06-09,2025-12-08,34,165740.17,106926.97,1729.8,34,159538.13,105462.4,1590.46,39.4,7
397,Pet Shop Cristal,Gama,Comércio,ME,Masculino,43,Operações,Consultoria em gestão da qualidade,2025-09-27,2026-03-28,2,6753.02,4930.13,911.45,3,8265.79,5739.45,842.11,73.8,9
398,Clínica JK 2,Núcleo Bandeirante,Serviço,ME,Masculino,37,Marketing,Estruturação de presença em redes sociais,2025-06-18,2025-12-17,6,3355.65,1036.28,386.56,6,2664.22,857.92,301.05,41.2,7
399,Salão Brasília 2,Samambaia,Serviço,ME,Feminino,39,Marketing,Criação de plano de marketing digital,2026-01-02,2026-07-03,3,11420.2,3131.82,2762.79,3,14535.75,3447.67,3696.03,74.7,9
400,Assessoria Brasília 2,Ceilândia,Serviço,ME,Masculino,48,Marketing,Consultoria em posicionamento de marca,2025-12-26,2026-06-26,9,18503.64,4865.54,1515.34,9,17854.86,5102.03,1416.98,34.8,5
401,Fábrica Ipê Amarelo,Gama,Indústria,EPP,Masculino,25,Marketing,Desenvolvimento de identidade visual e branding,2025-03-30,2025-09-28,33,81431.62,39868.82,1259.48,33,87713.41,43575.91,1337.5,45.2,7
402,Espaço Meridiano 2,Plano Piloto,Serviço,ME,Masculino,45,Pessoas,"Plano de cargos, salários e retenção de talentos",2025-01-26,2025-07-27,6,6268.14,1845.48,737.11,6,6901.67,1795.96,850.95,72.8,9
403,Oficina Candango 2,Plano Piloto,Serviço,ME,Feminino,31,Marketing,Desenvolvimento de identidade visual e branding,2025-03-07,2025-09-05,9,20431.92,8739.48,1299.16,10,25408.52,10136.38,1527.21,69.2,8
404,Gráfica Candango,Ceilândia,Indústria,ME,Feminino,63,Finanças,Plano de redução e renegociação de custos fixos,2025-03-26,2025-09-24,14,2962.04,1880.8,77.23,14,3133.32,2000.37,80.93,47.7,9
405,Gráfica Alvorada,Gama,Indústria,ME,Feminino,33,Finanças,Implementação de fluxo de caixa semanal,2024-09-14,2025-03-15,1,3901.52,1935.52,1966.0,1,4233.51,2010.68,2222.83,64.1,7
406,Clínica Talento DF 2,Samambaia,Serviço,EPP,Feminino,31,Marketing,Desenvolvimento de identidade visual e branding,2026-01-10,2026-07-11,17,79834.49,32073.21,2809.49,17,88762.03,34967.47,3164.39,55.2,6
407,Studio Talento DF 2,Taguatinga,Serviço,ME,Feminino,45,Comercial,Implementação de funil de vendas estruturado,2025-05-13,2025-11-11,2,7325.83,3055.99,2134.92,2,8321.67,3285.42,2518.13,64.9,7
408,Clínica Alvorada 2,Ceilândia,Serviço,ME,Masculino,53,Marketing,Criação de plano de marketing digital,2024-08-18,2025-02-16,9,6404.39,2084.64,479.97,9,7316.47,2016.07,588.93,83.3,9
409,Espaço do Planalto 2,Plano Piloto,Serviço,ME,Masculino,49,Marketing,Criação de plano de marketing digital,2025-12-03,2026-06-03,2,5361.06,2274.8,1543.13,2,3725.19,1766.93,979.13,5.6,3
410,Studio Cristal 2,Riacho Fundo,Serviço,ME,Feminino,66,Comercial,Criação de script de atendimento comercial,2025-12-31,2026-07-01,1,8668.09,3880.97,4787.12,1,7345.96,3388.18,3957.78,41.0,5
411,Espaço das Águas Claras 3,Plano Piloto,Serviço,ME,Masculino,34,Operações,Padronização de processos operacionais,2025-05-09,2025-11-07,4,5825.75,2584.06,810.42,4,3786.74,1868.98,479.44,11.4,4
412,Mercearia Meridiano,Guará,Comércio,ME,Feminino,51,Operações,Padronização de processos operacionais,2025-12-31,2026-07-01,3,6449.85,4504.45,648.46,3,4192.4,3137.52,351.63,0.0,4
413,Academia Meridiano 2,Santa Maria,Serviço,ME,Masculino,35,Marketing,Plano de captação de clientes via marketing local,2026-01-14,2026-07-15,2,9454.55,3066.42,3194.07,2,8627.41,2946.97,2840.22,38.5,5
414,Distribuidora Sol Nascente,Plano Piloto,Comércio,ME,Masculino,36,Marketing,Desenvolvimento de identidade visual e branding,2026-01-03,2026-07-04,5,5359.76,3191.21,433.71,5,7287.87,3967.53,664.07,84.0,8
415,Clínica Bandeirante 3,Sobradinho,Serviço,ME,Feminino,39,Pessoas,Capacitação em liderança para o(a) proprietário(a),2026-01-10,2026-07-11,9,7506.96,3367.43,459.95,9,6956.52,3280.17,408.48,34.7,6
416,Pet Shop do Cerrado,Guará,Comércio,ME,Masculino,18,Marketing,Consultoria em posicionamento de marca,2024-07-11,2025-01-09,3,5430.97,3287.01,714.65,3,6540.99,3762.6,926.13,70.0,8
417,Armarinhos Lago Sul,Gama,Comércio,ME,Masculino,36,Pessoas,Definição de rotinas e organograma da equipe,2024-06-19,2024-12-18,9,3880.91,2474.76,156.24,9,4967.09,2956.54,223.39,78.3,10
418,Mercadinho JK,Ceilândia,Comércio,ME,Masculino,52,Finanças,Capacitação em gestão de capital de giro,2025-05-19,2025-11-17,6,12650.07,7625.78,837.38,7,16848.01,9423.51,1060.64,79.0,10
419,Marcenaria Bandeirante,Ceilândia,Indústria,EPP,Masculino,26,Marketing,Estruturação de presença em redes sociais,2025-08-31,2026-03-01,50,87178.32,47880.4,785.96,50,91946.5,48195.94,875.01,66.7,6
420,Oficina Meridiano 3,Núcleo Bandeirante,Serviço,ME,Masculino,58,Marketing,Plano de captação de clientes via marketing local,2025-10-25,2026-04-25,7,22289.56,6064.46,2317.87,7,27910.47,6542.94,3052.5,75.1,10
421,Estúdio Ipê Amarelo 2,Sobradinho,Serviço,ME,Feminino,40,Comercial,Plano de expansão de canais de venda,2025-06-27,2025-12-26,4,15152.79,6240.09,2228.18,4,18513.0,6665.81,2961.8,84.5,10
422,Oficina Meridiano 4,Vicente Pires,Serviço,ME,Feminino,25,Finanças,Separação financeira entre pessoa física e jurídica,2024-12-09,2025-06-09,2,9761.75,3426.58,3167.58,2,9087.09,3401.04,2843.03,34.5,5
423,Espaço Bandeirante 2,Riacho Fundo,Serviço,ME,Masculino,37,Marketing,Criação de plano de marketing digital,2025-12-22,2026-06-22,3,5444.06,1817.77,1208.76,3,5282.84,1813.87,1156.33,43.7,8
424,Manufatura do Cerrado,Ceilândia,Indústria,ME,Feminino,34,Comercial,Criação de script de atendimento comercial,2025-05-27,2025-11-25,1,6734.81,3519.81,3215.01,1,5713.75,3064.17,2649.59,40.9,5
425,Espaço Lago Sul 2,Sobradinho,Serviço,ME,Masculino,22,Pessoas,Programa de treinamento e desenvolvimento de colaboradores,2025-07-21,2026-01-19,6,15084.3,5520.2,1594.02,5,13237.04,5090.4,1629.33,37.6,7
426,Pet Shop do Planalto,Águas Claras,Comércio,EPP,Masculino,54,Comercial,Plano de expansão de canais de venda,2024-11-04,2025-05-05,12,136024.97,96030.58,3332.87,12,161311.25,111123.71,4182.29,61.4,7
427,Escritório Alvorada 2,Sobradinho,Serviço,ME,Feminino,28,Finanças,Implementação de fluxo de caixa semanal,2025-09-06,2026-03-07,2,2035.11,876.14,579.48,2,1906.44,823.03,541.7,49.2,8
428,Studio Sol Nascente 2,Ceilândia,Serviço,ME,Feminino,31,Marketing,Estruturação de presença em redes sociais,2024-08-19,2025-02-17,1,6433.29,2691.07,3742.22,2,8882.4,3215.91,2833.25,87.5,10
429,Clínica Cristal 2,Samambaia,Serviço,ME,Masculino,47,Comercial,Criação de script de atendimento comercial,2025-11-14,2026-05-15,1,12427.49,4214.2,8213.3,1,11361.12,4203.64,7157.47,29.4,4
430,Empório Talento DF,Santa Maria,Comércio,ME,Feminino,20,Finanças,Capacitação em gestão de capital de giro,2025-11-02,2026-05-03,9,4040.92,2896.53,127.16,9,5009.78,3391.11,179.85,76.6,8
431,Papelaria JK,Sobradinho,Comércio,ME,Feminino,46,Marketing,Desenvolvimento de identidade visual e branding,2025-07-22,2026-01-20,1,10313.71,6762.94,3550.77,1,10868.01,7268.23,3599.78,41.3,6
432,Salão Alvorada 4,Recanto das Emas,Serviço,EPP,Feminino,53,Marketing,Consultoria em posicionamento de marca,2026-01-20,2026-07-21,34,118511.27,44754.08,2169.33,35,148261.27,50740.29,2786.31,73.6,9
433,Salão das Águas Claras 3,Samambaia,Serviço,ME,Masculino,26,Finanças,Plano de redução e renegociação de custos fixos,2025-12-08,2026-06-08,3,10030.55,3860.88,2056.56,3,11325.83,4108.02,2405.94,64.8,7
434,Empório Sol Nascente,Plano Piloto,Comércio,ME,Masculino,37,Marketing,Estruturação de presença em redes sociais,2024-07-13,2025-01-11,2,3342.91,2105.82,618.54,2,2400.82,1618.96,390.93,20.4,3
435,Escritório JK 4,Núcleo Bandeirante,Serviço,ME,Feminino,29,Marketing,Criação de plano de marketing digital,2024-10-13,2025-04-13,3,8428.58,2926.49,1834.03,3,9210.77,3202.22,2002.85,49.7,9
436,Alimentos Ipê Amarelo,Águas Claras,Indústria,ME,Masculino,39,Operações,Plano de melhoria de layout e fluxo logístico/produtivo,2024-08-14,2025-02-12,2,5523.29,3250.56,1136.37,2,6028.5,3466.49,1281.0,59.0,7
437,Clínica Buriti 2,Águas Claras,Serviço,EPP,Feminino,20,Comercial,Criação de script de atendimento comercial,2024-12-13,2025-06-13,22,33038.1,10294.2,1033.81,22,29494.77,9933.41,889.15,33.2,6
438,Espaço Cristal 3,Gama,Serviço,ME,Masculino,62,Finanças,Capacitação em gestão de capital de giro,2025-05-26,2025-11-24,8,10268.7,4101.14,770.95,7,8479.02,3574.61,700.63,35.2,5
439,Academia Ipê Amarelo 2,Águas Claras,Serviço,ME,Feminino,27,Pessoas,Programa de treinamento e desenvolvimento de colaboradores,2024-08-27,2025-02-25,6,11956.97,3836.04,1353.49,6,10280.49,3409.22,1145.21,42.8,5
440,Studio Candango 2,Gama,Serviço,ME,Masculino,54,Marketing,Desenvolvimento de identidade visual e branding,2024-07-23,2025-01-21,8,10163.52,3731.01,804.06,8,11630.86,4007.97,952.86,65.0,7
441,Studio Ipê Amarelo 3,Águas Claras,Serviço,ME,Masculino,30,Finanças,Implementação de fluxo de caixa semanal,2025-06-29,2025-12-28,7,8356.14,3488.89,695.32,6,6956.62,3033.95,653.78,37.6,7
442,Salão Meridiano 3,Sobradinho,Serviço,ME,Masculino,34,Operações,Plano de melhoria de layout e fluxo logístico/produtivo,2025-06-21,2025-12-20,9,9514.0,2422.65,787.93,9,8918.66,2418.21,722.27,39.0,8
443,Manufatura Alvorada,Riacho Fundo,Indústria,ME,Feminino,44,Finanças,Separação financeira entre pessoa física e jurídica,2025-01-10,2025-07-11,3,3950.34,1967.54,660.93,2,3449.73,1713.54,868.09,50.9,8
444,Assessoria Lago Sul 2,Vicente Pires,Serviço,ME,Masculino,41,Operações,Mapeamento e otimização de processos internos,2025-08-13,2026-02-11,2,7853.74,2844.89,2504.43,3,11060.78,3276.57,2594.73,94.0,9
445,Academia do Cerrado 2,Gama,Serviço,EPP,Masculino,71,Marketing,Desenvolvimento de identidade visual e branding,2025-05-27,2025-11-25,26,93192.25,25275.65,2612.18,26,89860.07,27054.21,2415.61,30.1,6
446,Oficina Alvorada 2,Águas Claras,Serviço,ME,Masculino,18,Pessoas,Estruturação de processo seletivo e onboarding,2025-02-08,2025-08-09,5,4960.72,1444.17,703.31,4,3587.02,1223.6,590.85,11.9,3
447,Assessoria Lago Sul 3,Guará,Serviço,ME,Masculino,24,Pessoas,"Plano de cargos, salários e retenção de talentos",2024-07-12,2025-01-10,8,14855.42,5939.46,1114.49,8,20835.67,7283.48,1694.02,83.5,8
448,Salão Ipê Amarelo 2,São Sebastião,Serviço,ME,Masculino,39,Finanças,Consultoria em precificação e formação de preço de venda,2025-09-05,2026-03-06,2,12053.85,3075.72,4489.07,2,12176.11,3373.57,4401.27,35.4,6
449,Oficina do Cerrado 4,Gama,Serviço,ME,Feminino,42,Operações,Padronização de processos operacionais,2025-06-17,2025-12-16,1,12033.35,4476.5,7556.86,1,15009.38,5065.78,9943.6,73.0,10
450,Papelaria Meridiano,Guará,Comércio,EPP,Masculino,59,Comercial,Criação de script de atendimento comercial,2024-08-09,2025-02-07,41,69428.03,38659.71,750.45,41,77595.81,41531.71,879.61,64.4,8
451,Salão Cristal 2,Santa Maria,Serviço,ME,Feminino,56,Marketing,Consultoria em posicionamento de marca,2024-09-23,2025-03-24,5,22365.88,6110.02,3251.17,5,22857.6,6055.77,3360.37,55.5,9
452,Marcenaria Sol Nascente,Guará,Indústria,ME,Masculino,72,Marketing,Estruturação de presença em redes sociais,2024-12-01,2025-06-01,8,6563.05,3465.74,387.16,8,7071.11,3732.97,417.27,50.1,7
453,Clínica Bandeirante 4,Santa Maria,Serviço,EPP,Feminino,29,Finanças,Plano de redução e renegociação de custos fixos,2024-09-18,2025-03-19,18,53926.68,23887.02,1668.87,18,75781.26,27929.47,2658.43,99.6,10
454,Distribuidora Meridiano,Taguatinga,Comércio,ME,Feminino,36,Finanças,Capacitação em gestão de capital de giro,2025-10-06,2026-04-06,7,5754.82,3793.4,280.2,7,8414.84,4915.69,499.88,100.0,10
455,Salão Bandeirante 3,Planaltina,Serviço,ME,Masculino,51,Finanças,Plano de redução e renegociação de custos fixos,2025-12-22,2026-06-22,8,6470.67,2021.73,556.12,8,6562.82,2137.15,553.21,41.2,7
456,Consultoria do Planalto 2,Gama,Serviço,EPP,Masculino,25,Finanças,Consultoria em precificação e formação de preço de venda,2024-07-24,2025-01-22,11,30001.0,9968.29,1821.16,11,32357.25,10212.44,2013.16,61.1,6
457,Mercearia do Planalto,Ceilândia,Comércio,ME,Masculino,39,Finanças,Plano de redução e renegociação de custos fixos,2024-10-25,2025-04-25,1,3059.04,2030.45,1028.59,2,3888.39,2463.7,712.34,70.1,8
458,Empório Lago Sul 2,São Sebastião,Comércio,ME,Masculino,32,Pessoas,"Plano de cargos, salários e retenção de talentos",2024-11-21,2025-05-22,8,3206.86,2161.05,130.73,7,2851.28,1973.18,125.44,37.9,4
459,Loja Brasília,Recanto das Emas,Comércio,EPP,Feminino,32,Comercial,Criação de script de atendimento comercial,2026-01-26,2026-07-27,45,30001.0,18108.02,264.29,45,34925.58,19980.25,332.12,71.0,8
460,Studio JK 3,Taguatinga,Serviço,EPP,Feminino,49,Operações,Consultoria em gestão da qualidade,2025-06-14,2025-12-13,19,49101.4,14212.84,1836.24,19,47337.69,13539.0,1778.88,52.3,6
461,Empório Brasília,Sobradinho,Comércio,ME,Feminino,28,Operações,Implementação de controle de estoque,2026-01-03,2026-07-04,7,11612.75,7537.39,582.19,7,13402.88,8238.91,737.71,72.9,7
462,Pet Shop Sol Nascente,Guará,Comércio,ME,Masculino,71,Operações,Mapeamento e otimização de processos internos,2024-10-29,2025-04-29,8,3463.77,2351.8,139.0,8,3833.03,2624.36,151.08,46.2,6
463,Pet Shop Candango,Santa Maria,Comércio,ME,Masculino,26,Comercial,Consultoria em negociação com fornecedores e clientes,2024-07-12,2025-01-10,2,4197.52,2994.16,601.68,1,3202.27,2375.97,826.29,30.9,2
464,Assessoria Talento DF 2,Plano Piloto,Serviço,EPP,Masculino,18,Operações,Consultoria em gestão da qualidade,2025-03-21,2025-09-19,17,30001.0,11057.14,1114.34,16,21966.45,9194.26,798.26,14.2,3
465,Distribuidora das Águas Claras,São Sebastião,Comércio,ME,Masculino,26,Operações,Mapeamento e otimização de processos internos,2025-10-12,2026-04-12,2,7526.35,5181.79,1172.28,2,6727.92,4696.67,1015.62,43.6,6
466,Empório do Cerrado,Águas Claras,Comércio,ME,Feminino,33,Operações,Implementação de controle de estoque,2025-10-24,2026-04-24,8,6247.02,4040.55,275.81,8,5241.83,3394.33,230.94,49.5,7
467,Indústria Meridiano,Gama,Indústria,ME,Masculino,39,Pessoas,"Plano de cargos, salários e retenção de talentos",2025-03-16,2025-09-14,15,13610.38,7667.33,396.2,15,12459.87,7421.02,335.92,28.5,7
468,Assessoria Alvorada 2,Ceilândia,Serviço,EPP,Masculino,25,Marketing,Consultoria em posicionamento de marca,2024-11-12,2025-05-13,15,49663.9,18727.74,2062.41,16,64887.52,20760.08,2757.96,88.1,10
469,Salão Brasília 3,Recanto das Emas,Serviço,EPP,Masculino,36,Marketing,Consultoria em posicionamento de marca,2024-06-29,2024-12-28,16,88875.12,26419.57,3903.47,17,111843.35,28751.15,4887.78,76.8,9
470,Boutique Alvorada,Guará,Comércio,ME,Feminino,55,Pessoas,Definição de rotinas e organograma da equipe,2025-02-21,2025-08-22,6,8295.54,6112.28,363.88,6,7781.02,5933.92,307.85,32.8,5
471,Oficina Sol Nascente 3,Gama,Serviço,ME,Feminino,43,Comercial,Criação de script de atendimento comercial,2025-04-23,2025-10-22,9,4954.82,1580.92,374.88,9,5723.84,1681.19,449.18,66.9,9
472,Papelaria das Águas Claras,Planaltina,Comércio,EPP,Feminino,29,Operações,Mapeamento e otimização de processos internos,2024-06-12,2024-12-11,41,43589.6,29245.9,349.85,41,41018.99,28357.97,308.81,36.4,6
473,Studio do Planalto 2,Sobradinho,Serviço,EPP,Feminino,35,Finanças,Consultoria em precificação e formação de preço de venda,2025-12-23,2026-06-23,16,62818.46,22752.27,2504.14,16,67958.65,22289.81,2854.3,72.8,7
474,Clínica do Cerrado 5,Guará,Serviço,ME,Masculino,47,Finanças,Implementação de fluxo de caixa semanal,2025-08-07,2026-02-05,4,14330.95,6028.59,2075.59,4,16130.11,6596.72,2383.35,57.8,8
475,Distribuidora do Cerrado,Samambaia,Comércio,ME,Feminino,41,Marketing,Plano de captação de clientes via marketing local,2024-12-17,2025-06-17,1,12387.85,7094.78,5293.07,1,14229.69,7754.76,6474.92,68.5,8
476,Escritório Bandeirante 2,Vicente Pires,Serviço,ME,Masculino,30,Finanças,Implementação de fluxo de caixa semanal,2025-01-03,2025-07-04,3,3431.0,1464.51,655.5,3,2745.3,1215.06,510.08,39.5,6
477,Clínica JK 3,Guará,Serviço,ME,Masculino,43,Pessoas,Definição de rotinas e organograma da equipe,2025-01-04,2025-07-05,6,9307.32,2581.88,1120.91,7,11443.35,2892.91,1221.49,66.4,9
478,Mercadinho Candango 2,Núcleo Bandeirante,Comércio,ME,Masculino,35,Finanças,Capacitação em gestão de capital de giro,2025-11-07,2026-05-08,4,5209.04,3015.54,548.37,4,4753.83,2906.05,461.95,28.4,4
479,Loja Alvorada,Núcleo Bandeirante,Comércio,ME,Feminino,25,Marketing,Estruturação de presença em redes sociais,2025-08-16,2026-02-14,6,5127.3,3704.22,237.18,6,5932.26,4236.83,282.57,55.5,8
480,Mercearia JK 2,Vicente Pires,Comércio,ME,Feminino,25,Finanças,Plano de redução e renegociação de custos fixos,2024-07-25,2025-01-23,3,24560.77,14771.35,3263.14,3,39342.45,20710.67,6210.59,100.0,10
481,Espaço das Águas Claras 4,Santa Maria,Serviço,EPP,Feminino,62,Pessoas,Programa de treinamento e desenvolvimento de colaboradores,2024-12-04,2025-06-04,32,33310.44,12403.39,653.35,32,42107.78,13796.92,884.71,79.8,8
482,Estúdio Ipê Amarelo 3,Recanto das Emas,Serviço,ME,Masculino,32,Comercial,Criação de script de atendimento comercial,2025-09-21,2026-03-22,6,8619.3,2954.03,944.21,7,11529.52,3346.12,1169.06,85.0,10
483,Gráfica Brasília,Taguatinga,Indústria,ME,Feminino,31,Finanças,Separação financeira entre pessoa física e jurídica,2025-01-04,2025-07-05,4,7021.09,4471.4,637.42,4,7982.87,5012.07,742.7,56.0,5
484,Estúdio do Cerrado 3,Gama,Serviço,ME,Masculino,27,Finanças,Consultoria em precificação e formação de preço de venda,2025-10-10,2026-04-10,1,8418.34,3421.35,4996.98,1,9702.55,3541.59,6160.95,77.6,7
485,Clínica Brasília 2,Santa Maria,Serviço,ME,Feminino,41,Marketing,Desenvolvimento de identidade visual e branding,2025-04-06,2025-10-05,4,13517.51,4285.03,2308.12,4,12305.3,3869.39,2108.98,51.7,7
486,Clínica Alvorada 3,Planaltina,Serviço,ME,Feminino,41,Pessoas,Programa de treinamento e desenvolvimento de colaboradores,2025-09-17,2026-03-18,1,5251.32,2167.16,3084.16,1,5378.87,2157.67,3221.2,57.7,7
487,Salão Talento DF 4,São Sebastião,Serviço,ME,Feminino,26,Pessoas,Definição de rotinas e organograma da equipe,2025-04-18,2025-10-17,2,5817.85,1717.18,2050.33,2,5267.68,1772.09,1747.8,22.5,6
488,Armarinhos Candango,Ceilândia,Comércio,ME,Masculino,42,Comercial,Implementação de funil de vendas estruturado,2025-08-22,2026-02-20,3,11863.24,7985.32,1292.64,3,11749.8,7923.06,1275.58,49.2,8
489,Mercearia Alvorada 2,Plano Piloto,Comércio,ME,Masculino,49,Comercial,Criação de script de atendimento comercial,2025-02-19,2025-08-20,4,3220.73,2255.53,241.3,4,3015.3,2167.3,212.0,37.7,4
490,Distribuidora Bandeirante,Planaltina,Comércio,EPP,Masculino,25,Finanças,Plano de redução e renegociação de custos fixos,2024-10-24,2025-04-24,21,70715.63,48838.45,1041.77,22,84491.74,56210.81,1285.5,66.9,9
491,Escritório Talento DF 2,Águas Claras,Serviço,ME,Masculino,62,Marketing,Criação de plano de marketing digital,2025-11-21,2026-05-22,1,14496.46,5528.03,8968.43,1,17490.89,6166.18,11324.72,69.2,10
492,Academia Cristal 3,Ceilândia,Serviço,EPP,Masculino,32,Marketing,Plano de captação de clientes via marketing local,2025-02-10,2025-08-11,17,79346.08,33007.47,2725.8,17,82193.99,32404.47,2928.8,64.5,8
493,Clínica Cristal 3,Taguatinga,Serviço,EPP,Masculino,31,Finanças,Consultoria em precificação e formação de preço de venda,2024-06-06,2024-12-05,45,30001.0,10837.61,425.85,45,31107.35,11181.28,442.8,51.2,7
494,Assessoria do Cerrado 4,São Sebastião,Serviço,EPP,Feminino,60,Marketing,Estruturação de presença em redes sociais,2025-01-22,2025-07-23,38,39678.41,17286.67,589.26,38,41749.2,17781.8,630.72,56.5,6
495,Academia Talento DF 5,Planaltina,Serviço,ME,Masculino,52,Pessoas,Capacitação em liderança para o(a) proprietário(a),2025-02-06,2025-08-07,4,3053.64,851.85,550.45,4,3285.0,955.81,582.3,42.0,5
496,Estúdio do Cerrado 4,Ceilândia,Serviço,ME,Masculino,28,Finanças,Separação financeira entre pessoa física e jurídica,2024-10-26,2025-04-26,1,6903.18,2216.9,4686.28,2,9081.53,2532.31,3274.61,78.2,10
497,Oficina Lago Sul 2,Ceilândia,Serviço,ME,Feminino,49,Finanças,Capacitação em gestão de capital de giro,2025-11-18,2026-05-19,4,3065.29,1246.34,454.74,3,1992.44,909.74,360.9,2.5,3
498,Estúdio JK 2,Planaltina,Serviço,ME,Masculino,35,Finanças,Consultoria em precificação e formação de preço de venda,2025-03-27,2025-09-25,9,4244.78,1322.72,324.67,9,4538.61,1479.64,339.89,40.4,8
499,Mercearia Brasília,Taguatinga,Comércio,ME,Masculino,34,Finanças,Consultoria em precificação e formação de preço de venda,2025-01-12,2025-07-13,8,17427.36,11128.94,787.3,7,13072.6,8983.36,584.18,17.6,2
500,Studio das Águas Claras 2,Guará,Serviço,EPP,Masculino,53,Finanças,Consultoria em precificação e formação de preço de venda,2025-07-31,2026-01-29,40,30001.0,12137.68,446.58,40,19771.63,8835.47,273.4,21.8,5
501,Escritório do Planalto 2,Sobradinho,Serviço,ME,Feminino,46,Marketing,Consultoria em posicionamento de marca,2025-06-26,2025-12-25,3,14971.02,5355.34,3205.23,3,18841.2,5911.69,4309.84,79.3,9
502,Loja do Cerrado 2,Taguatinga,Comércio,EPP,Masculino,30,Finanças,Capacitação em gestão de capital de giro,2025-03-20,2025-09-18,26,79393.2,46645.37,1259.53,27,100244.13,56805.69,1608.83,63.9,10
503,Mercearia Sol Nascente,Gama,Comércio,ME,Masculino,42,Operações,Padronização de processos operacionais,2026-01-16,2026-07-17,1,15962.38,9337.48,6624.9,1,12588.53,7798.19,4790.34,27.0,5
504,Mercadinho Buriti 2,Taguatinga,Comércio,ME,Feminino,40,Pessoas,Definição de rotinas e organograma da equipe,2026-01-16,2026-07-17,8,3353.65,2046.55,163.39,7,2557.15,1674.03,126.16,20.4,4
505,Assessoria Bandeirante 2,Samambaia,Serviço,ME,Feminino,19,Pessoas,Programa de treinamento e desenvolvimento de colaboradores,2025-03-18,2025-09-16,2,4258.04,1322.56,1467.74,1,2767.72,998.05,1769.68,14.1,2
506,Armarinhos Buriti 2,Riacho Fundo,Comércio,ME,Feminino,74,Marketing,Consultoria em posicionamento de marca,2025-08-07,2026-02-05,6,9809.64,5663.44,691.03,6,8902.69,5142.51,626.7,49.8,5
507,Espaço Bandeirante 3,Gama,Serviço,ME,Feminino,37,Finanças,Plano de redução e renegociação de custos fixos,2024-07-02,2024-12-31,3,12288.11,5123.31,2388.27,3,16422.12,5804.93,3539.07,92.3,10
508,Assessoria das Águas Claras 2,Riacho Fundo,Serviço,ME,Masculino,38,Finanças,Separação financeira entre pessoa física e jurídica,2025-02-26,2025-08-27,6,4951.71,1517.83,572.31,6,5419.28,1473.37,657.65,73.1,8
509,Academia Meridiano 3,Taguatinga,Serviço,ME,Masculino,38,Finanças,Capacitação em gestão de capital de giro,2025-02-25,2025-08-26,8,5652.45,2320.04,416.55,8,4806.52,2091.07,339.43,33.6,6
510,Espaço Candango 4,Plano Piloto,Serviço,ME,Feminino,43,Pessoas,"Plano de cargos, salários e retenção de talentos",2025-02-02,2025-08-03,3,4057.77,1804.45,751.11,4,5097.1,2150.42,736.67,65.2,5
511,Clínica Meridiano 3,Planaltina,Serviço,ME,Feminino,30,Pessoas,"Plano de cargos, salários e retenção de talentos",2025-10-27,2026-04-27,1,21636.65,6845.67,14790.98,1,15600.61,5715.94,9884.67,13.6,3
512,Academia Cristal 4,Planaltina,Serviço,EPP,Masculino,69,Comercial,Plano de expansão de canais de venda,2025-05-23,2025-11-21,36,65663.83,29157.77,1014.06,36,78554.97,32207.24,1287.44,72.7,8
513,Ótica JK,Núcleo Bandeirante,Comércio,ME,Feminino,44,Comercial,Treinamento de técnicas de vendas para a equipe,2025-03-15,2025-09-13,5,6016.27,3539.01,495.45,5,6395.2,3823.31,514.38,43.6,8
514,Studio Brasília 2,Ceilândia,Serviço,ME,Masculino,54,Comercial,Criação de script de atendimento comercial,2025-02-19,2025-08-20,2,8151.62,3093.46,2529.08,2,7984.55,2947.42,2518.56,56.9,8
515,Espaço Ipê Amarelo 2,São Sebastião,Serviço,ME,Feminino,43,Finanças,Capacitação em gestão de capital de giro,2025-06-13,2025-12-12,1,8411.74,3770.44,4641.29,1,9139.64,3902.04,5237.6,64.2,9
516,Escritório Brasília 3,São Sebastião,Serviço,ME,Feminino,34,Pessoas,Estruturação de processo seletivo e onboarding,2024-10-14,2025-04-14,5,15530.62,6393.56,1827.41,5,18935.55,7187.45,2349.62,71.4,10
517,Espaço Sol Nascente 4,Gama,Serviço,ME,Masculino,24,Finanças,Capacitação em gestão de capital de giro,2024-10-28,2025-04-28,6,4517.51,1336.91,530.1,6,5187.08,1354.56,638.75,73.2,9
518,Studio Cristal 3,Plano Piloto,Serviço,ME,Feminino,44,Comercial,Criação de script de atendimento comercial,2025-04-14,2025-10-13,2,16125.44,4861.28,5632.08,2,17156.7,5046.07,6055.32,54.9,5
519,Oficina Bandeirante 2,Planaltina,Serviço,EPP,Masculino,31,Comercial,Consultoria em negociação com fornecedores e clientes,2024-12-12,2025-06-12,33,58381.73,17659.66,1234.0,33,80724.62,20373.77,1828.81,83.4,10
520,Assessoria JK 2,Samambaia,Serviço,ME,Feminino,36,Finanças,Plano de redução e renegociação de custos fixos,2025-07-16,2026-01-14,5,3714.37,1629.12,417.05,5,4437.08,1729.79,541.46,82.5,10
521,Armarinhos do Cerrado 2,Sobradinho,Comércio,ME,Masculino,57,Comercial,Treinamento de técnicas de vendas para a equipe,2025-12-02,2026-06-02,2,16100.88,9645.75,3227.56,2,17046.11,9733.88,3656.12,68.7,6
522,Cerâmica Brasília,Planaltina,Indústria,ME,Masculino,32,Operações,Consultoria em gestão da qualidade,2025-01-05,2025-07-06,12,2858.4,1577.62,106.73,12,2613.54,1473.44,95.01,42.1,5
523,Salão do Cerrado 5,Vicente Pires,Serviço,ME,Masculino,28,Finanças,Implementação de fluxo de caixa semanal,2025-05-19,2025-11-17,6,7513.55,2404.17,851.56,6,9142.06,2544.03,1099.67,77.8,10
524,Armarinhos Brasília 2,Recanto das Emas,Comércio,ME,Feminino,53,Marketing,Estruturação de presença em redes sociais,2024-11-20,2025-05-21,2,21214.9,13201.06,4006.92,2,20953.42,12934.63,4009.4,53.3,8
525,Mercearia Cristal,Planaltina,Comércio,ME,Masculino,34,Comercial,Consultoria em negociação com fornecedores e clientes,2025-09-27,2026-03-28,7,12155.66,7678.05,639.66,8,16005.88,9065.63,867.53,93.5,10
526,Marcenaria Cristal,Guará,Indústria,ME,Masculino,67,Finanças,Capacitação em gestão de capital de giro,2024-10-11,2025-04-11,5,10300.44,5346.02,990.88,5,10415.87,5368.43,1009.49,52.4,5
527,Ótica Sol Nascente 2,Planaltina,Comércio,ME,Feminino,42,Finanças,Implementação de fluxo de caixa semanal,2025-04-15,2025-10-14,6,4264.79,2857.35,234.57,7,5809.9,3517.81,327.44,93.0,10
528,Empório JK,Riacho Fundo,Comércio,ME,Feminino,27,Finanças,Consultoria em precificação e formação de preço de venda,2025-01-08,2025-07-09,8,5147.76,3269.31,234.81,9,6230.4,3774.65,272.86,69.5,7
529,Papelaria Brasília 2,Taguatinga,Comércio,ME,Masculino,29,Finanças,Implementação de fluxo de caixa semanal,2025-09-10,2026-03-11,9,17922.9,11438.43,720.5,9,20750.29,12586.14,907.13,71.1,7
530,Pet Shop Meridiano 2,Núcleo Bandeirante,Comércio,ME,Feminino,74,Comercial,Implementação de funil de vendas estruturado,2024-10-28,2025-04-28,3,10621.13,6916.47,1234.89,3,14363.04,8721.94,1880.37,79.3,8
531,Escritório Meridiano 2,Sobradinho,Serviço,ME,Masculino,33,Operações,Plano de melhoria de layout e fluxo logístico/produtivo,2024-10-01,2025-04-01,4,13647.97,4384.22,2315.94,4,14934.78,4298.02,2659.19,72.3,8
532,Academia das Águas Claras 2,São Sebastião,Serviço,ME,Masculino,37,Marketing,Criação de plano de marketing digital,2025-09-09,2026-03-10,1,8362.17,3352.49,5009.68,1,7829.07,3045.99,4783.08,57.9,4
533,Studio Sol Nascente 3,Planaltina,Serviço,ME,Feminino,34,Pessoas,Definição de rotinas e organograma da equipe,2025-05-06,2025-11-04,9,6755.81,2369.24,487.4,9,6785.8,2331.92,494.88,54.7,5
534,Escritório do Cerrado 3,São Sebastião,Serviço,ME,Masculino,29,Comercial,Consultoria em negociação com fornecedores e clientes,2025-06-25,2025-12-24,3,12672.55,4458.74,2737.94,3,14793.83,4863.36,3310.16,65.4,6
535,Estúdio Alvorada 2,Samambaia,Serviço,EPP,Masculino,71,Marketing,Consultoria em posicionamento de marca,2025-09-28,2026-03-29,42,55912.6,16324.75,942.57,42,46359.63,15538.31,733.84,21.2,5
536,Studio Lago Sul 3,Santa Maria,Serviço,ME,Feminino,30,Marketing,Estruturação de presença em redes sociais,2024-11-23,2025-05-24,9,9346.98,2394.39,772.51,10,11634.09,2716.76,891.73,65.1,8
537,Salão do Planalto 2,Taguatinga,Serviço,ME,Masculino,22,Finanças,Plano de redução e renegociação de custos fixos,2024-10-26,2025-04-26,5,7224.41,2975.41,849.8,5,6922.25,2946.49,795.15,40.8,5
538,Studio do Planalto 3,Samambaia,Serviço,ME,Feminino,36,Comercial,Criação de script de atendimento comercial,2026-01-27,2026-07-28,7,3424.78,1442.16,283.23,7,3952.55,1640.69,330.27,54.0,9
539,Distribuidora das Águas Claras 2,Águas Claras,Comércio,EPP,Feminino,48,Marketing,Criação de plano de marketing digital,2024-08-07,2025-02-05,28,71657.95,42869.32,1028.17,28,58781.12,37749.2,751.14,20.7,3
540,Espaço do Cerrado 3,Plano Piloto,Serviço,ME,Masculino,32,Operações,Implementação de controle de estoque,2025-06-29,2025-12-28,6,14179.35,4565.84,1602.25,6,13284.98,4241.98,1507.17,51.8,5
541,Clínica Candango 4,Plano Piloto,Serviço,ME,Feminino,33,Comercial,Plano de expansão de canais de venda,2025-01-24,2025-07-25,3,10417.19,3350.21,2355.66,3,6771.17,2516.19,1418.33,0.0,1
542,Ótica Bandeirante 2,Sobradinho,Comércio,ME,Masculino,56,Finanças,Plano de redução e renegociação de custos fixos,2024-08-26,2025-02-24,8,5560.48,3819.17,217.66,8,6437.1,4445.41,248.96,47.5,4
543,Mercadinho das Águas Claras 2,Samambaia,Comércio,EPP,Feminino,45,Pessoas,Capacitação em liderança para o(a) proprietário(a),2026-01-03,2026-07-04,14,72451.17,42561.24,2135.0,14,83661.58,47841.64,2558.57,60.4,6
544,Alimentos Lago Sul,Santa Maria,Indústria,ME,Masculino,51,Finanças,Plano de redução e renegociação de custos fixos,2025-10-19,2026-04-19,13,16232.14,10481.79,442.33,13,16864.99,10923.33,457.05,48.7,7
545,Ótica do Cerrado 2,Ceilândia,Comércio,EPP,Feminino,49,Pessoas,Definição de rotinas e organograma da equipe,2024-10-14,2025-04-14,46,45685.32,25692.16,434.63,46,50331.03,27904.65,487.53,55.3,7
546,Mercearia das Águas Claras 2,Santa Maria,Comércio,ME,Masculino,53,Operações,Implementação de controle de estoque,2025-09-03,2026-03-04,8,9260.23,6896.59,295.46,7,7428.03,5748.21,239.97,30.6,8
547,Oficina Candango 3,Sobradinho,Serviço,EPP,Masculino,35,Operações,Implementação de controle de estoque,2025-09-12,2026-03-13,40,42299.12,11156.66,778.56,40,44020.34,10996.56,825.59,59.3,6
548,Oficina do Planalto 3,Águas Claras,Serviço,ME,Masculino,28,Operações,Plano de melhoria de layout e fluxo logístico/produtivo,2025-04-02,2025-10-01,6,9369.7,2937.43,1072.05,6,7509.93,2536.87,828.84,33.8,5
549,Assessoria Meridiano 2,Santa Maria,Serviço,ME,Masculino,45,Finanças,Capacitação em gestão de capital de giro,2026-01-05,2026-07-06,9,13596.04,4080.7,1057.26,9,16500.77,4420.37,1342.27,71.5,8
550,Mercadinho JK 2,Vicente Pires,Comércio,ME,Masculino,52,Marketing,Criação de plano de marketing digital,2024-10-21,2025-04-21,8,11949.21,7192.55,594.58,8,12504.92,7467.02,629.74,53.2,10
551,Fábrica Cristal,Sobradinho,Indústria,ME,Masculino,72,Operações,Consultoria em gestão da qualidade,2024-07-15,2025-01-13,6,9541.46,6191.78,558.28,6,11055.96,6862.81,698.86,68.8,9
552,Clínica Sol Nascente 2,Plano Piloto,Serviço,ME,Masculino,36,Operações,Mapeamento e otimização de processos internos,2025-10-08,2026-04-08,6,7144.13,2440.94,783.87,6,8616.21,2556.17,1010.01,80.0,10
553,Oficina Bandeirante 3,Planaltina,Serviço,ME,Masculino,28,Finanças,Capacitação em gestão de capital de giro,2025-01-05,2025-07-06,4,26301.87,7204.14,4774.43,4,26811.4,6684.14,5031.82,66.4,9
554,Estúdio Brasília 2,Sobradinho,Serviço,ME,Masculino,43,Finanças,Separação financeira entre pessoa física e jurídica,2024-08-15,2025-02-13,3,5150.85,2299.63,950.41,3,7549.61,2838.32,1570.43,97.0,10
555,Espaço das Águas Claras 5,Samambaia,Serviço,ME,Masculino,35,Comercial,Plano de expansão de canais de venda,2026-01-12,2026-07-13,8,12516.21,3736.5,1097.46,8,13826.55,3393.49,1304.13,85.4,7
556,Estúdio do Planalto 3,Sobradinho,Serviço,ME,Feminino,44,Comercial,Plano de expansão de canais de venda,2025-02-11,2025-08-12,1,7607.43,2012.24,5595.2,1,6666.48,1892.34,4774.13,37.1,6
557,Assessoria Meridiano 3,Plano Piloto,Serviço,EPP,Masculino,53,Marketing,Plano de captação de clientes via marketing local,2025-11-10,2026-05-11,15,58084.4,14802.0,2885.49,14,50907.53,13148.71,2697.06,47.7,5
558,Cerâmica Ipê Amarelo,Sobradinho,Indústria,ME,Masculino,36,Operações,Implementação de controle de estoque,2025-10-12,2026-04-12,3,10509.4,5702.88,1602.17,3,8596.74,4855.83,1246.97,35.2,5
559,Clínica Lago Sul 2,Ceilândia,Serviço,ME,Feminino,18,Operações,Plano de melhoria de layout e fluxo logístico/produtivo,2024-12-03,2025-06-03,2,16768.39,7271.89,4748.25,2,16478.41,7101.64,4688.38,51.8,6
560,Distribuidora Candango 2,Ceilândia,Comércio,ME,Feminino,41,Marketing,Desenvolvimento de identidade visual e branding,2025-10-02,2026-04-02,5,6635.9,3672.26,592.73,5,6653.23,3780.65,574.52,40.1,5
561,Boutique Cristal 2,Núcleo Bandeirante,Comércio,EPP,Masculino,35,Finanças,Separação financeira entre pessoa física e jurídica,2025-03-14,2025-09-12,47,54054.37,37569.69,350.74,47,52508.22,35652.31,358.64,60.7,6
562,Clínica Bandeirante 5,São Sebastião,Serviço,ME,Masculino,65,Comercial,Implementação de funil de vendas estruturado,2025-06-20,2025-12-19,9,11479.28,3467.71,890.17,9,12720.3,3491.52,1025.42,68.4,6
563,Clínica Alvorada 4,Riacho Fundo,Serviço,ME,Feminino,35,Comercial,Treinamento de técnicas de vendas para a equipe,2024-11-22,2025-05-23,9,9381.84,2756.5,736.15,9,8073.3,2451.96,624.59,43.4,7
564,Loja Meridiano 2,Vicente Pires,Comércio,EPP,Feminino,40,Finanças,Separação financeira entre pessoa física e jurídica,2024-06-05,2024-12-04,40,186367.36,128734.74,1440.82,40,150127.18,108723.3,1035.1,27.7,6
565,Espaço Bandeirante 4,Águas Claras,Serviço,EPP,Feminino,38,Finanças,Consultoria em precificação e formação de preço de venda,2024-09-25,2025-03-26,28,48579.54,19411.15,1041.73,29,58248.9,21396.26,1270.78,71.5,10
566,Pet Shop Cristal 2,Samambaia,Comércio,ME,Masculino,42,Comercial,Plano de expansão de canais de venda,2024-12-21,2025-06-21,7,5444.8,3603.38,263.06,7,7118.89,4361.05,393.98,82.8,10
567,Estúdio Cristal 2,Taguatinga,Serviço,ME,Masculino,24,Finanças,Consultoria em precificação e formação de preço de venda,2025-04-30,2025-10-29,3,17018.5,4943.04,4025.15,2,15138.27,4299.28,5419.49,54.3,7
568,Papelaria Alvorada 2,Planaltina,Comércio,ME,Masculino,64,Marketing,Consultoria em posicionamento de marca,2025-11-03,2026-05-04,6,12257.7,6757.2,916.75,6,11707.24,6660.97,841.04,38.2,6
569,Distribuidora JK 2,Taguatinga,Comércio,ME,Masculino,67,Finanças,Plano de redução e renegociação de custos fixos,2024-09-16,2025-03-17,1,6163.91,4299.05,1864.86,1,7275.49,4708.74,2566.75,83.5,10
570,Estúdio Talento DF 3,Vicente Pires,Serviço,ME,Masculino,41,Finanças,Separação financeira entre pessoa física e jurídica,2025-08-15,2026-02-13,9,15511.75,5738.15,1085.96,9,13279.07,5205.04,897.12,35.3,6
571,Escritório Candango 2,Ceilândia,Serviço,ME,Feminino,44,Finanças,Plano de redução e renegociação de custos fixos,2025-09-01,2026-03-02,9,4857.82,1624.99,359.2,8,3390.36,1303.62,260.84,7.6,3
572,Metalúrgica do Cerrado,Taguatinga,Indústria,ME,Masculino,19,Marketing,Plano de captação de clientes via marketing local,2025-10-08,2026-04-08,14,7862.31,3873.89,284.89,14,7087.89,3774.06,236.7,23.5,8
573,Escritório Talento DF 3,Samambaia,Serviço,ME,Feminino,37,Marketing,Plano de captação de clientes via marketing local,2025-10-10,2026-04-10,2,6183.64,2488.22,1847.71,2,7283.52,2654.39,2314.57,75.3,7
574,Escritório do Planalto 3,Taguatinga,Serviço,ME,Feminino,38,Comercial,Criação de script de atendimento comercial,2024-07-09,2025-01-07,3,12556.38,3317.13,3079.75,3,10076.44,2903.82,2390.87,34.0,5
575,Oficina Lago Sul 3,Taguatinga,Serviço,ME,Masculino,52,Finanças,Capacitação em gestão de capital de giro,2024-10-11,2025-04-11,7,5999.23,2270.95,532.61,7,6882.46,2390.56,641.7,70.8,8
576,Espaço Ipê Amarelo 3,Recanto das Emas,Serviço,EPP,Masculino,24,Pessoas,"Plano de cargos, salários e retenção de talentos",2025-12-26,2026-06-26,29,70362.5,27278.11,1485.67,28,51132.18,21993.47,1040.67,21.7,4
577,Armarinhos Talento DF 2,Plano Piloto,Comércio,EPP,Feminino,47,Marketing,Desenvolvimento de identidade visual e branding,2025-06-21,2025-12-20,31,77525.28,46100.52,1013.7,32,109255.73,57315.72,1623.13,96.7,10
578,Distribuidora Ipê Amarelo 2,Recanto das Emas,Comércio,ME,Masculino,26,Marketing,Estruturação de presença em redes sociais,2024-10-18,2025-04-18,4,12610.52,8154.78,1113.93,4,16936.84,10167.44,1692.35,80.9,10
579,Escritório Lago Sul 2,Riacho Fundo,Serviço,ME,Masculino,41,Marketing,Desenvolvimento de identidade visual e branding,2026-01-29,2026-07-30,8,11428.58,4046.17,922.8,8,12623.75,4385.99,1029.72,54.4,7
580,Papelaria das Águas Claras 2,Recanto das Emas,Comércio,ME,Feminino,40,Operações,Plano de melhoria de layout e fluxo logístico/produtivo,2024-12-20,2025-06-20,2,6387.17,4268.27,1059.45,2,7242.99,4664.17,1289.41,66.2,9
581,Consultoria Alvorada 2,Guará,Serviço,ME,Feminino,28,Pessoas,Definição de rotinas e organograma da equipe,2024-11-24,2025-05-25,4,23981.25,10317.63,3415.9,4,17124.77,8223.96,2225.2,6.0,1
582,Escritório do Cerrado 4,Plano Piloto,Serviço,ME,Feminino,36,Comercial,Implementação de funil de vendas estruturado,2025-10-26,2026-04-26,3,5115.63,1837.96,1092.56,3,4550.43,1636.26,971.39,49.8,5
583,Assessoria Brasília 3,Taguatinga,Serviço,EPP,Masculino,53,Marketing,Consultoria em posicionamento de marca,2026-01-07,2026-07-08,37,129623.35,34151.05,2580.33,37,130156.32,38391.39,2480.13,29.0,8
584,Marcenaria Talento DF,Plano Piloto,Indústria,EPP,Masculino,43,Finanças,Plano de redução e renegociação de custos fixos,2025-02-03,2025-08-04,42,38405.21,19932.09,439.84,41,29884.34,16379.44,329.39,30.6,7
585,Espaço do Planalto 3,Núcleo Bandeirante,Serviço,EPP,Masculino,23,Marketing,Desenvolvimento de identidade visual e branding,2025-06-29,2025-12-28,21,125355.14,47091.59,3726.84,21,131900.12,44979.97,4139.05,73.1,7
586,Espaço Sol Nascente 5,Recanto das Emas,Serviço,EPP,Feminino,40,Comercial,Treinamento de técnicas de vendas para a equipe,2025-06-28,2025-12-27,16,55327.88,17518.37,2363.09,17,83680.4,20282.3,3729.3,99.5,10
587,Espaço Talento DF 3,Samambaia,Serviço,EPP,Masculino,27,Finanças,Separação financeira entre pessoa física e jurídica,2024-10-16,2025-04-16,44,237480.24,95844.19,3219.0,44,179834.26,79511.57,2280.06,24.3,5
588,Empório Bandeirante,Águas Claras,Comércio,ME,Masculino,39,Pessoas,Programa de treinamento e desenvolvimento de colaboradores,2025-05-03,2025-11-01,2,3435.06,2019.75,707.65,2,2979.91,1840.63,569.64,30.2,6
589,Consultoria das Águas Claras 2,São Sebastião,Serviço,EPP,Masculino,35,Operações,Padronização de processos operacionais,2024-07-04,2025-01-02,44,73242.49,20405.43,1200.84,44,82809.13,19530.62,1438.15,78.5,9
590,Escritório Meridiano 3,Guará,Serviço,ME,Feminino,19,Finanças,Implementação de fluxo de caixa semanal,2025-11-11,2026-05-12,9,13371.17,3960.63,1045.62,9,20105.0,4761.0,1704.89,89.6,10
591,Boutique Cristal 3,Gama,Comércio,ME,Masculino,39,Pessoas,Estruturação de processo seletivo e onboarding,2025-10-19,2026-04-19,9,2202.95,1597.62,67.26,9,2491.11,1778.95,79.13,57.4,5
592,Consultoria do Planalto 3,Riacho Fundo,Serviço,ME,Masculino,49,Comercial,Consultoria em negociação com fornecedores e clientes,2024-09-04,2025-03-05,4,19580.45,7561.71,3004.68,5,24309.34,8775.35,3106.8,66.8,9
593,Studio Meridiano 3,Guará,Serviço,ME,Feminino,45,Comercial,Criação de script de atendimento comercial,2025-06-07,2025-12-06,6,8503.64,3010.37,915.54,6,11623.2,3389.44,1372.29,91.6,10
594,Clínica Meridiano 4,Recanto das Emas,Serviço,ME,Feminino,24,Operações,Consultoria em gestão da qualidade,2024-07-30,2025-01-28,8,3398.22,1053.68,293.07,7,2915.2,1011.92,271.9,25.3,4
595,Consultoria JK 4,Taguatinga,Serviço,ME,Feminino,27,Comercial,Implementação de funil de vendas estruturado,2024-07-24,2025-01-22,1,4528.37,1964.04,2564.34,1,3717.04,1734.25,1982.79,28.1,3
596,Academia Sol Nascente 2,Ceilândia,Serviço,ME,Feminino,40,Comercial,Treinamento de técnicas de vendas para a equipe,2025-06-21,2025-12-20,1,3001.13,1283.75,1717.38,1,3445.82,1412.98,2032.84,61.8,7
597,Papelaria do Cerrado,Núcleo Bandeirante,Comércio,ME,Masculino,29,Marketing,Desenvolvimento de identidade visual e branding,2025-09-30,2026-03-31,2,10066.08,6340.42,1862.83,1,8477.93,5600.78,2877.16,29.5,6
598,Mercearia das Águas Claras 3,Gama,Comércio,EPP,Feminino,39,Finanças,Plano de redução e renegociação de custos fixos,2025-10-29,2026-04-29,49,30521.57,21381.72,186.53,49,35995.9,25146.54,221.42,51.3,9
599,Papelaria Alvorada 3,Águas Claras,Comércio,ME,Feminino,23,Comercial,Implementação de funil de vendas estruturado,2024-12-20,2025-06-20,1,3608.5,2644.0,964.51,1,3923.97,2789.2,1134.76,64.6,7
600,Marcenaria Buriti,Gama,Indústria,ME,Masculino,32,Comercial,Plano de expansão de canais de venda,2025-12-16,2026-06-16,15,10812.41,5543.21,351.28,15,8249.24,4526.12,248.21,26.0,5
601,Salão JK 2,Ceilândia,Serviço,ME,Feminino,43,Marketing,Desenvolvimento de identidade visual e branding,2025-04-26,2025-10-25,8,6662.85,2103.75,569.89,8,7541.77,2157.27,673.06,69.8,8
602,Espaço Talento DF 4,Sobradinho,Serviço,ME,Feminino,28,Finanças,Consultoria em precificação e formação de preço de venda,2025-01-30,2025-07-31,9,6014.8,2160.28,428.28,9,6056.87,2171.76,431.68,50.4,5
603,Cerâmica Talento DF,Taguatinga,Indústria,ME,Masculino,47,Finanças,Consultoria em precificação e formação de preço de venda,2024-12-28,2025-06-28,11,10859.6,5773.76,462.35,11,14034.38,6634.38,672.73,89.3,9
604,Clínica Lago Sul 3,Sobradinho,Serviço,EPP,Feminino,20,Marketing,Estruturação de presença em redes sociais,2025-08-23,2026-02-21,31,53834.11,21657.24,1037.96,31,46465.76,20546.97,836.09,23.4,6
605,Distribuidora Cristal 2,Planaltina,Comércio,ME,Feminino,40,Finanças,Consultoria em precificação e formação de preço de venda,2025-01-13,2025-07-14,7,11629.54,7645.1,569.21,7,10709.64,7130.33,511.33,44.4,6
606,Distribuidora Ipê Amarelo 3,Samambaia,Comércio,ME,Feminino,38,Comercial,Plano de expansão de canais de venda,2025-01-25,2025-07-26,6,15909.61,9424.39,1080.87,6,20660.41,11225.23,1572.53,82.7,8
607,Oficina do Planalto 4,Ceilândia,Serviço,ME,Feminino,49,Marketing,Estruturação de presença em redes sociais,2025-01-23,2025-07-24,8,5469.43,1757.2,464.03,8,7149.81,2041.83,638.5,73.8,9
608,Studio Ipê Amarelo 4,Sobradinho,Serviço,ME,Masculino,46,Operações,Consultoria em gestão da qualidade,2024-12-12,2025-06-12,4,7858.19,3019.49,1209.67,4,8191.64,3158.68,1258.24,49.1,8
609,Studio JK 4,Taguatinga,Serviço,EPP,Feminino,40,Finanças,Consultoria em precificação e formação de preço de venda,2025-01-29,2025-07-30,47,125122.43,32617.77,1968.18,47,109407.44,33991.45,1604.6,13.9,3
610,Consultoria Meridiano 4,Ceilândia,Serviço,ME,Feminino,42,Operações,Implementação de controle de estoque,2024-06-15,2024-12-14,4,5464.35,1740.03,931.08,4,6922.4,1960.31,1240.52,73.5,8
611,Consultoria Cristal 3,Santa Maria,Serviço,EPP,Masculino,30,Operações,Plano de melhoria de layout e fluxo logístico/produtivo,2025-11-16,2026-05-17,19,62752.11,15890.04,2466.42,19,71585.17,17718.71,2835.08,53.8,6
612,Espaço Cristal 4,Plano Piloto,Serviço,ME,Masculino,43,Comercial,Consultoria em negociação com fornecedores e clientes,2024-10-31,2025-05-01,7,8821.87,3653.78,738.3,7,8360.31,3629.41,675.84,36.7,8
613,Ótica do Planalto 2,Plano Piloto,Comércio,EPP,Feminino,34,Operações,Padronização de processos operacionais,2025-02-28,2025-08-29,34,58064.28,33296.26,728.47,34,40674.67,24666.67,470.82,28.0,5
614,Ótica Candango 2,Samambaia,Comércio,ME,Feminino,44,Operações,Implementação de controle de estoque,2024-09-12,2025-03-13,1,5015.17,2835.78,2179.39,1,5087.82,2849.39,2238.43,53.6,7
615,Boutique Buriti 2,São Sebastião,Comércio,EPP,Masculino,25,Marketing,Plano de captação de clientes via marketing local,2025-04-24,2025-10-23,16,89103.0,63024.21,1629.92,15,79941.47,57347.5,1506.26,43.3,4
616,Assessoria do Cerrado 5,Samambaia,Serviço,EPP,Masculino,72,Marketing,Criação de plano de marketing digital,2024-11-11,2025-05-12,11,49630.02,13295.95,3303.1,10,39304.81,11484.92,2781.99,33.8,4
617,Salão Meridiano 4,Taguatinga,Serviço,ME,Masculino,38,Operações,Padronização de processos operacionais,2024-09-12,2025-03-13,6,6202.69,2399.53,633.86,6,6260.86,2253.93,667.82,67.9,9
618,Assessoria Meridiano 4,Samambaia,Serviço,EPP,Feminino,39,Pessoas,Capacitação em liderança para o(a) proprietário(a),2024-11-24,2025-05-25,44,53433.68,17417.92,818.54,44,64719.28,19359.01,1030.92,67.9,9
619,Oficina Lago Sul 4,Taguatinga,Serviço,ME,Feminino,39,Marketing,Plano de captação de clientes via marketing local,2025-12-04,2026-06-04,3,6221.69,2577.89,1214.6,2,5539.17,2251.89,1643.64,55.2,6
620,Alimentos Brasília,Plano Piloto,Indústria,ME,Feminino,27,Operações,Mapeamento e otimização de processos internos,2025-11-06,2026-05-07,3,9539.66,4641.72,1632.65,4,13046.26,5662.99,1845.82,85.0,10
621,Espaço do Planalto 4,Ceilândia,Serviço,EPP,Masculino,33,Operações,Mapeamento e otimização de processos internos,2025-09-25,2026-03-26,44,35686.54,9524.15,594.6,44,36641.36,10916.69,584.65,29.3,5
622,Salão Candango 4,Taguatinga,Serviço,ME,Masculino,67,Operações,Implementação de controle de estoque,2024-10-03,2025-04-03,7,8014.2,2369.65,806.36,7,8847.05,2313.34,933.39,72.8,7
623,Empório Sol Nascente 2,Águas Claras,Comércio,ME,Feminino,54,Pessoas,Estruturação de processo seletivo e onboarding,2025-07-02,2025-12-31,5,10839.78,7982.71,571.41,5,12855.71,9064.27,758.29,70.9,8
624,Oficina Bandeirante 4,Riacho Fundo,Serviço,ME,Masculino,34,Finanças,Separação financeira entre pessoa física e jurídica,2025-10-13,2026-04-13,2,7502.55,3119.74,2191.41,2,7125.27,2983.17,2071.05,48.1,7
625,Espaço do Cerrado 4,Ceilândia,Serviço,ME,Feminino,49,Finanças,Capacitação em gestão de capital de giro,2025-07-02,2025-12-31,7,5649.63,1735.33,559.19,7,6463.47,1916.47,649.57,57.1,7
626,Academia Alvorada 3,Taguatinga,Serviço,EPP,Masculino,42,Marketing,Estruturação de presença em redes sociais,2025-11-07,2026-05-08,24,155274.73,45219.55,4585.63,24,146007.72,41403.82,4358.5,55.1,6
627,Empório Lago Sul 3,Riacho Fundo,Comércio,ME,Masculino,21,Comercial,Criação de script de atendimento comercial,2024-10-01,2025-04-01,3,8972.92,5216.57,1252.12,3,9988.59,5499.9,1496.23,70.5,9
628,Empório Cristal 2,Riacho Fundo,Comércio,ME,Masculino,39,Marketing,Estruturação de presença em redes sociais,2025-03-10,2025-09-08,3,4614.17,2741.93,624.08,3,6310.4,3432.8,959.2,83.5,10
629,Oficina Brasília 2,Guará,Serviço,ME,Feminino,32,Operações,Mapeamento e otimização de processos internos,2024-12-19,2025-06-19,1,11256.39,3275.71,7980.68,1,9722.71,3074.41,6648.3,33.2,4
630,Papelaria JK 2,Samambaia,Comércio,ME,Masculino,31,Pessoas,Definição de rotinas e organograma da equipe,2025-08-16,2026-02-14,5,6740.69,4904.78,367.18,5,4381.45,3407.18,194.85,0.0,3
631,Mercearia do Cerrado 2,Águas Claras,Comércio,EPP,Feminino,54,Comercial,Implementação de funil de vendas estruturado,2024-08-17,2025-02-15,40,30627.81,16967.72,341.5,40,42213.16,21372.41,521.02,81.8,9
632,Armarinhos Candango 2,Taguatinga,Comércio,EPP,Masculino,32,Marketing,Desenvolvimento de identidade visual e branding,2024-12-12,2025-06-12,43,65861.31,47816.93,419.64,43,88645.91,57950.0,713.86,98.2,10
633,Salão Sol Nascente 3,Taguatinga,Serviço,ME,Feminino,67,Finanças,Plano de redução e renegociação de custos fixos,2025-08-03,2026-02-01,7,9044.47,2336.05,958.35,7,8967.12,2347.01,945.73,47.7,6
634,Estúdio Candango 2,Plano Piloto,Serviço,ME,Masculino,44,Marketing,Consultoria em posicionamento de marca,2024-06-11,2024-12-10,8,9129.0,3791.88,667.14,8,6515.76,3032.22,435.44,8.3,3
635,Pet Shop Ipê Amarelo 2,Gama,Comércio,ME,Feminino,46,Finanças,Implementação de fluxo de caixa semanal,2024-11-03,2025-05-04,9,20912.96,13282.85,847.79,9,21508.25,13577.07,881.24,52.6,7
636,Salão Ipê Amarelo 3,Plano Piloto,Serviço,ME,Feminino,42,Comercial,Criação de script de atendimento comercial,2025-08-07,2026-02-05,2,10058.24,2669.87,3694.18,2,11177.81,3168.25,4004.78,38.0,6
637,Boutique Alvorada 2,Recanto das Emas,Comércio,ME,Feminino,48,Marketing,Consultoria em posicionamento de marca,2024-10-25,2025-04-25,4,8359.29,5933.43,606.46,4,8816.29,6273.68,635.65,48.8,7
638,Mercadinho do Planalto 2,Samambaia,Comércio,ME,Feminino,39,Operações,Padronização de processos operacionais,2025-06-05,2025-12-04,4,5280.49,3175.1,526.35,3,4038.34,2615.38,474.32,19.1,4
639,Assessoria Bandeirante 3,Plano Piloto,Serviço,ME,Feminino,42,Marketing,Criação de plano de marketing digital,2025-01-31,2025-08-01,7,12947.11,5510.36,1062.39,7,15681.08,6203.52,1353.94,70.0,9
640,Distribuidora Buriti 2,Sobradinho,Comércio,ME,Masculino,37,Comercial,Implementação de funil de vendas estruturado,2025-03-09,2025-09-07,8,6802.69,4764.96,254.72,8,7094.67,5001.4,261.66,47.0,8
641,Fábrica do Cerrado,Riacho Fundo,Indústria,ME,Feminino,72,Finanças,Plano de redução e renegociação de custos fixos,2025-01-05,2025-07-06,17,3203.21,2070.41,66.64,16,2536.26,1738.61,49.85,23.9,2
642,Loja Bandeirante 2,Plano Piloto,Comércio,ME,Feminino,29,Finanças,Plano de redução e renegociação de custos fixos,2025-12-01,2026-06-01,1,7116.3,5097.94,2018.36,1,8354.72,5772.06,2582.66,67.0,9
643,Oficina Talento DF 3,Gama,Serviço,EPP,Feminino,38,Pessoas,"Plano de cargos, salários e retenção de talentos",2025-08-14,2026-02-12,30,78122.73,23295.6,1827.57,30,108766.23,24275.78,2816.35,100.0,10
644,Mercearia Bandeirante 2,Samambaia,Comércio,ME,Feminino,48,Pessoas,Estruturação de processo seletivo e onboarding,2025-08-18,2026-02-16,2,8974.04,5670.18,1651.93,2,8772.13,5687.35,1542.39,39.0,6
645,Estúdio Ipê Amarelo 4,Ceilândia,Serviço,ME,Masculino,39,Comercial,Implementação de funil de vendas estruturado,2025-09-26,2026-03-27,3,4895.61,1905.99,996.54,3,4896.34,1866.61,1009.91,55.4,6
646,Mercearia Sol Nascente 2,Santa Maria,Comércio,EPP,Masculino,54,Finanças,Consultoria em precificação e formação de preço de venda,2025-02-15,2025-08-16,29,59551.2,36517.57,794.26,28,51807.53,31901.16,710.94,48.3,6
647,Empório Buriti 2,Taguatinga,Comércio,EPP,Feminino,36,Comercial,Plano de expansão de canais de venda,2024-08-03,2025-02-01,34,30105.87,19848.82,301.68,35,37848.4,23755.57,402.65,71.1,8
648,Mercearia Alvorada 3,Águas Claras,Comércio,ME,Masculino,30,Marketing,Consultoria em posicionamento de marca,2024-07-03,2025-01-01,8,7452.38,4453.02,374.92,8,4844.05,3136.66,213.42,0.0,5
649,Oficina Alvorada 3,Planaltina,Serviço,ME,Masculino,43,Comercial,Treinamento de técnicas de vendas para a equipe,2025-03-22,2025-09-20,9,7664.14,2932.22,525.77,9,7666.56,3005.6,517.88,43.7,9
650,Assessoria Sol Nascente 2,Taguatinga,Serviço,ME,Masculino,39,Finanças,Plano de redução e renegociação de custos fixos,2025-11-17,2026-05-18,4,7736.09,2463.38,1318.18,3,6942.74,2297.19,1548.52,41.7,3
651,Salão Meridiano 5,Ceilândia,Serviço,ME,Feminino,21,Comercial,Plano de expansão de canais de venda,2025-03-22,2025-09-20,6,16780.65,4380.35,2066.72,7,22843.08,4249.63,2656.21,100.0,10
652,Assessoria Lago Sul 4,Plano Piloto,Serviço,ME,Feminino,20,Finanças,Plano de redução e renegociação de custos fixos,2026-01-22,2026-07-23,1,3641.9,1615.38,2026.52,1,3582.04,1548.53,2033.51,57.5,8
653,Clínica do Planalto 2,Vicente Pires,Serviço,ME,Masculino,26,Comercial,Consultoria em negociação com fornecedores e clientes,2025-04-16,2025-10-15,2,27105.13,11351.11,7877.01,2,38748.82,13710.52,12519.15,93.3,10
654,Oficina Cristal 2,Recanto das Emas,Serviço,ME,Masculino,51,Finanças,Implementação de fluxo de caixa semanal,2025-06-23,2025-12-22,9,7843.93,2437.45,600.72,9,6790.44,2419.73,485.63,19.6,5
655,Espaço Buriti 2,Plano Piloto,Serviço,ME,Masculino,73,Marketing,Plano de captação de clientes via marketing local,2024-07-18,2025-01-16,9,11331.29,3126.59,911.63,9,12223.96,3288.55,992.82,54.6,10
656,Mercadinho do Planalto 3,Ceilândia,Comércio,EPP,Masculino,40,Marketing,Criação de plano de marketing digital,2025-09-12,2026-03-13,47,34640.53,24146.02,223.29,47,37765.24,25457.37,261.87,65.3,6
657,Ótica do Cerrado 3,Recanto das Emas,Comércio,ME,Feminino,29,Finanças,Capacitação em gestão de capital de giro,2025-11-25,2026-05-26,3,8637.76,5131.99,1168.59,3,7116.07,4288.75,942.44,44.3,5
658,Salão Bandeirante 4,Ceilândia,Serviço,EPP,Masculino,36,Marketing,Desenvolvimento de identidade visual e branding,2025-04-05,2025-10-04,36,79976.18,29678.43,1397.16,36,92208.54,32640.98,1654.65,61.4,9
659,Papelaria Alvorada 4,Gama,Comércio,EPP,Masculino,54,Comercial,Treinamento de técnicas de vendas para a equipe,2025-12-04,2026-06-04,19,39072.19,27577.77,604.97,20,52093.66,32861.5,961.61,100.0,9
660,Mercearia Buriti 2,Santa Maria,Comércio,EPP,Feminino,53,Operações,Consultoria em gestão da qualidade,2024-10-23,2025-04-23,37,30001.0,18135.15,320.7,37,25914.93,16065.57,266.2,39.7,6
661,Escritório Meridiano 4,Águas Claras,Serviço,ME,Masculino,34,Pessoas,Definição de rotinas e organograma da equipe,2025-03-26,2025-09-24,5,2840.07,871.69,393.67,4,2149.51,756.79,348.18,19.9,3
662,Clínica Brasília 3,Samambaia,Serviço,EPP,Feminino,28,Finanças,Separação financeira entre pessoa física e jurídica,2025-12-09,2026-06-09,47,74231.06,19472.48,1165.08,47,66921.75,19131.09,1016.82,34.3,8
663,Loja Brasília 2,Ceilândia,Comércio,ME,Masculino,67,Pessoas,"Plano de cargos, salários e retenção de talentos",2025-06-04,2025-12-03,4,4243.95,2605.66,409.57,3,3373.16,2133.25,413.3,37.7,6
664,Gráfica do Planalto,Ceilândia,Indústria,ME,Masculino,49,Marketing,Criação de plano de marketing digital,2025-07-25,2026-01-23,13,5840.85,3326.31,193.43,13,5822.35,3183.89,202.96,65.1,7
665,Mercearia Candango 2,Águas Claras,Comércio,EPP,Masculino,19,Marketing,Consultoria em posicionamento de marca,2025-02-01,2025-08-02,36,37131.74,21579.46,432.01,36,36525.7,21736.79,410.8,40.7,7
666,Ótica das Águas Claras 2,Riacho Fundo,Comércio,ME,Masculino,47,Comercial,Treinamento de técnicas de vendas para a equipe,2025-05-01,2025-10-30,8,14522.13,10755.33,470.85,7,10955.77,8482.14,353.38,27.6,2
667,Laticínios Buriti,Samambaia,Indústria,ME,Masculino,28,Comercial,Consultoria em negociação com fornecedores e clientes,2025-01-13,2025-07-14,1,3486.33,2072.56,1413.76,1,3120.73,1917.48,1203.25,36.7,5
668,Academia Talento DF 6,Gama,Serviço,ME,Feminino,21,Finanças,Separação financeira entre pessoa física e jurídica,2025-07-22,2026-01-20,5,4787.46,1392.1,679.07,5,5257.39,1471.18,757.24,57.3,8
669,Pet Shop Brasília 2,Guará,Comércio,EPP,Feminino,46,Pessoas,Definição de rotinas e organograma da equipe,2024-07-05,2025-01-03,28,84903.49,55707.16,1042.73,28,90149.84,59271.12,1102.81,49.1,6
670,Espaço Buriti 3,Ceilândia,Serviço,ME,Feminino,42,Marketing,Plano de captação de clientes via marketing local,2025-04-09,2025-10-08,3,8831.74,2899.36,1977.46,3,5740.63,2164.44,1192.06,17.5,3
671,Manufatura Sol Nascente,Taguatinga,Indústria,ME,Feminino,39,Comercial,Consultoria em negociação com fornecedores e clientes,2025-12-20,2026-06-20,16,10624.42,5593.45,314.44,17,13020.58,6366.68,391.41,75.0,9
672,Academia Cristal 5,Plano Piloto,Serviço,EPP,Feminino,72,Marketing,Criação de plano de marketing digital,2024-07-06,2025-01-04,43,53702.14,19440.05,796.79,43,64480.04,21368.53,1002.59,70.4,9
673,Consultoria Alvorada 3,Guará,Serviço,ME,Masculino,47,Finanças,Capacitação em gestão de capital de giro,2025-03-03,2025-09-01,1,10434.05,2834.2,7599.84,1,7809.58,2496.18,5313.4,18.0,6
674,Empório Cristal 3,Águas Claras,Comércio,ME,Feminino,18,Finanças,Implementação de fluxo de caixa semanal,2025-07-08,2026-01-06,7,4432.83,2628.95,257.7,7,4132.56,2555.01,225.36,33.2,5
675,Salão Alvorada 5,Santa Maria,Serviço,ME,Feminino,38,Marketing,Consultoria em posicionamento de marca,2024-07-22,2025-01-20,8,3066.84,858.52,276.04,8,3443.29,811.02,329.03,79.6,9
676,Distribuidora Cristal 3,São Sebastião,Comércio,EPP,Masculino,54,Comercial,Implementação de funil de vendas estruturado,2024-06-04,2024-12-03,21,52297.46,30583.34,1034.01,21,50203.56,29599.81,981.13,46.8,6
677,Espaço Alvorada 2,Santa Maria,Serviço,ME,Feminino,38,Operações,Plano de melhoria de layout e fluxo logístico/produtivo,2024-09-09,2025-03-10,6,11054.94,4212.41,1140.42,7,14312.52,4470.42,1406.01,95.8,10
678,Marcenaria Candango,Núcleo Bandeirante,Indústria,ME,Masculino,69,Marketing,Criação de plano de marketing digital,2024-10-13,2025-04-13,12,18902.91,12272.39,552.54,12,21142.87,13044.79,674.84,71.5,9
679,Armarinhos Brasília 3,Santa Maria,Comércio,ME,Masculino,53,Marketing,Desenvolvimento de identidade visual e branding,2025-11-18,2026-05-19,1,6502.98,4423.47,2079.52,1,7075.01,4707.51,2367.5,59.9,7
680,Academia do Cerrado 3,São Sebastião,Serviço,EPP,Masculino,27,Operações,Padronização de processos operacionais,2024-09-04,2025-03-05,42,61748.86,27598.33,813.11,42,71508.81,30383.71,979.17,64.7,6
681,Mercearia Sol Nascente 3,São Sebastião,Comércio,ME,Feminino,31,Finanças,Capacitação em gestão de capital de giro,2025-06-26,2025-12-25,7,4025.42,2678.52,192.41,7,4871.44,3046.36,260.73,76.7,8
682,Assessoria das Águas Claras 3,Santa Maria,Serviço,ME,Feminino,47,Marketing,Criação de plano de marketing digital,2024-12-25,2025-06-25,3,6181.21,1895.54,1428.56,3,6959.9,1931.8,1676.03,69.4,8
683,Boutique Candango 2,Sobradinho,Comércio,EPP,Masculino,62,Marketing,Criação de plano de marketing digital,2025-04-23,2025-10-22,22,32078.09,23239.32,401.76,22,37118.86,25192.98,542.09,80.5,10
684,Distribuidora Cristal 4,Vicente Pires,Comércio,ME,Masculino,27,Finanças,Plano de redução e renegociação de custos fixos,2025-12-07,2026-06-07,7,10133.83,5709.79,632.01,7,9028.65,5127.71,557.28,47.0,6
685,Papelaria Cristal 2,Planaltina,Comércio,ME,Feminino,31,Finanças,Implementação de fluxo de caixa semanal,2025-11-06,2026-05-07,8,6955.66,3968.1,373.44,8,7307.23,4112.77,399.31,55.1,4
686,Studio Sol Nascente 4,Recanto das Emas,Serviço,ME,Masculino,53,Finanças,Plano de redução e renegociação de custos fixos,2024-07-19,2025-01-17,1,18611.09,8180.04,10431.05,1,19786.32,8669.87,11116.45,50.9,7
687,Espaço Talento DF 5,Planaltina,Serviço,EPP,Masculino,19,Finanças,Implementação de fluxo de caixa semanal,2024-07-25,2025-01-23,24,38104.99,14481.31,984.32,24,43210.86,15300.4,1162.94,67.3,8
688,Ótica Buriti 2,São Sebastião,Comércio,ME,Feminino,20,Marketing,Consultoria em posicionamento de marca,2025-01-05,2025-07-06,6,13935.28,10253.48,613.63,7,20619.9,13625.47,999.2,100.0,10
689,Salão Cristal 3,Águas Claras,Serviço,ME,Masculino,71,Finanças,Separação financeira entre pessoa física e jurídica,2025-10-07,2026-04-07,2,8935.61,2471.39,3232.11,2,8465.27,2305.75,3079.76,52.8,6
690,Espaço Buriti 4,Sobradinho,Serviço,ME,Feminino,49,Marketing,Consultoria em posicionamento de marca,2025-09-07,2026-03-08,9,2476.5,999.65,164.1,9,2410.19,971.79,159.82,50.3,5
691,Assessoria Ipê Amarelo 2,Sobradinho,Serviço,ME,Feminino,65,Finanças,Implementação de fluxo de caixa semanal,2025-06-13,2025-12-12,2,5280.83,1568.21,1856.31,2,5768.11,1600.43,2083.84,63.0,8
692,Espaço Candango 5,Núcleo Bandeirante,Serviço,EPP,Masculino,42,Finanças,Consultoria em precificação e formação de preço de venda,2025-11-09,2026-05-10,44,52007.42,16573.25,805.32,44,59723.8,18530.55,936.21,55.6,6
693,Pet Shop Talento DF 2,Samambaia,Comércio,ME,Feminino,26,Comercial,Criação de script de atendimento comercial,2024-09-20,2025-03-21,1,5758.22,4202.34,1555.88,1,6339.56,4588.56,1751.0,54.0,9
694,Clínica Talento DF 3,Guará,Serviço,ME,Masculino,72,Finanças,Implementação de fluxo de caixa semanal,2025-08-24,2026-02-22,8,5111.39,1698.27,426.64,7,3322.41,1269.99,293.2,8.4,1
695,Academia Brasília 2,Santa Maria,Serviço,EPP,Feminino,28,Pessoas,Estruturação de processo seletivo e onboarding,2026-01-13,2026-07-14,11,31975.05,12281.85,1790.29,11,34669.93,12978.94,1971.91,56.5,4
696,Indústria Lago Sul,Vicente Pires,Indústria,ME,Feminino,31,Comercial,Implementação de funil de vendas estruturado,2026-01-10,2026-07-11,13,8970.44,5628.55,257.07,13,9441.33,6059.97,260.1,40.4,6
697,Salão Meridiano 6,Riacho Fundo,Serviço,ME,Masculino,63,Finanças,Plano de redução e renegociação de custos fixos,2025-08-08,2026-02-06,4,9082.11,3852.4,1307.43,4,5903.37,2799.23,776.04,5.0,3
698,Boutique do Planalto 2,Gama,Comércio,ME,Feminino,52,Finanças,Plano de redução e renegociação de custos fixos,2025-07-30,2026-01-28,5,2929.98,1616.71,262.65,4,2252.05,1321.69,232.59,26.6,5
699,Escritório Meridiano 5,Gama,Serviço,ME,Feminino,67,Comercial,Treinamento de técnicas de vendas para a equipe,2024-10-15,2025-04-15,1,12964.31,3651.31,9313.0,1,12699.07,3751.85,8947.21,40.8,4
700,Pet Shop JK 2,Taguatinga,Comércio,ME,Masculino,26,Marketing,Criação de plano de marketing digital,2025-08-29,2026-02-27,7,8077.77,5926.86,307.27,7,9181.54,6761.51,345.72,48.2,6
701,Pet Shop Sol Nascente 2,Núcleo Bandeirante,Comércio,ME,Masculino,58,Operações,Consultoria em gestão da qualidade,2024-10-29,2025-04-29,6,9914.78,6568.37,557.73,6,13942.75,8291.52,941.87,95.2,9
702,Mercearia das Águas Claras 4,Samambaia,Comércio,ME,Masculino,43,Comercial,Implementação de funil de vendas estruturado,2025-02-13,2025-08-14,3,12507.61,8080.42,1475.73,3,10373.02,6869.43,1167.86,39.2,7
703,Clínica do Cerrado 6,Santa Maria,Serviço,ME,Feminino,40,Marketing,Plano de captação de clientes via marketing local,2024-08-11,2025-02-09,5,5049.35,1328.24,744.22,4,4457.0,1326.85,782.54,26.9,4
704,Academia Meridiano 4,Sobradinho,Serviço,ME,Feminino,60,Comercial,Implementação de funil de vendas estruturado,2024-12-02,2025-06-02,5,17026.74,4342.0,2536.95,5,17442.99,4539.72,2580.65,46.5,8
705,Armarinhos Talento DF 3,Águas Claras,Comércio,ME,Masculino,36,Operações,Implementação de controle de estoque,2024-07-17,2025-01-15,7,7347.54,5442.2,272.19,8,9593.2,6386.03,400.9,100.0,10
706,Clínica das Águas Claras 4,Taguatinga,Serviço,ME,Feminino,46,Marketing,Estruturação de presença em redes sociais,2025-03-09,2025-09-07,5,19825.52,6835.25,2598.05,5,18818.76,7016.02,2360.55,31.3,6
707,Assessoria Cristal 3,Taguatinga,Serviço,EPP,Feminino,44,Finanças,Consultoria em precificação e formação de preço de venda,2024-07-15,2025-01-13,12,88849.53,36186.94,4388.55,12,77792.73,34204.17,3632.38,28.4,6
708,Academia Meridiano 5,São Sebastião,Serviço,ME,Masculino,54,Marketing,Plano de captação de clientes via marketing local,2025-09-12,2026-03-13,5,4678.99,1375.62,660.67,5,5114.95,1563.64,710.26,42.2,8
709,Fábrica Lago Sul,Planaltina,Indústria,ME,Feminino,62,Operações,Padronização de processos operacionais,2025-07-05,2026-01-03,7,18961.1,9431.52,1361.37,6,16492.74,8470.91,1336.97,39.2,5
710,Papelaria Lago Sul 2,Ceilândia,Comércio,ME,Feminino,47,Comercial,Plano de expansão de canais de venda,2025-07-02,2025-12-31,4,4650.86,3079.1,392.94,4,5738.64,3578.91,539.93,75.6,9
711,Mercadinho JK 3,Guará,Comércio,EPP,Feminino,20,Pessoas,Estruturação de processo seletivo e onboarding,2025-08-03,2026-02-01,24,50667.57,36744.39,580.13,24,51815.75,36722.09,628.9,61.0,7
712,Distribuidora Cristal 5,Samambaia,Comércio,ME,Masculino,26,Operações,Padronização de processos operacionais,2025-09-14,2026-03-15,4,30000.0,18231.48,2942.13,4,34440.6,20279.17,3540.36,62.6,8
713,Escritório JK 5,Riacho Fundo,Serviço,ME,Masculino,65,Finanças,Separação financeira entre pessoa física e jurídica,2025-07-18,2026-01-16,3,4519.23,1426.99,1030.75,3,4167.87,1471.72,898.72,25.1,6
714,Studio Candango 3,Samambaia,Serviço,ME,Masculino,67,Operações,Plano de melhoria de layout e fluxo logístico/produtivo,2025-06-18,2025-12-17,3,15080.37,5430.83,3216.51,3,16319.16,5213.58,3701.86,77.1,7
715,Studio Alvorada 3,Taguatinga,Serviço,ME,Feminino,74,Marketing,Desenvolvimento de identidade visual e branding,2024-09-20,2025-03-21,7,6436.63,1660.66,682.28,7,7143.6,1492.66,807.28,82.7,7
716,Boutique Talento DF 2,Ceilândia,Comércio,ME,Feminino,20,Marketing,Criação de plano de marketing digital,2025-08-22,2026-02-20,3,12285.93,7687.95,1532.66,3,12016.73,7663.7,1451.01,42.0,6
717,Consultoria Sol Nascente 4,Planaltina,Serviço,ME,Masculino,36,Comercial,Plano de expansão de canais de venda,2025-03-25,2025-09-23,7,7807.83,2820.63,712.46,7,6844.63,2582.52,608.87,39.3,4
718,Armarinhos Lago Sul 2,Águas Claras,Comércio,EPP,Feminino,46,Operações,Mapeamento e otimização de processos internos,2024-09-03,2025-03-04,27,30001.0,16529.51,498.94,28,41523.66,20305.71,757.78,91.3,8
719,Mercearia do Cerrado 3,Santa Maria,Comércio,ME,Masculino,48,Marketing,Consultoria em posicionamento de marca,2025-03-21,2025-09-19,6,4156.62,2816.53,223.35,6,4527.99,2905.84,270.36,73.9,6
720,Estúdio Alvorada 3,Águas Claras,Serviço,EPP,Masculino,31,Marketing,Estruturação de presença em redes sociais,2024-12-15,2025-06-15,14,44118.47,11479.28,2331.37,13,37318.46,10891.1,2032.87,28.9,4
721,Escritório Buriti 3,Plano Piloto,Serviço,EPP,Masculino,35,Finanças,Plano de redução e renegociação de custos fixos,2024-09-30,2025-03-31,18,63434.38,24992.62,2135.65,18,64522.92,26166.74,2130.9,42.3,6
722,Salão Talento DF 5,Samambaia,Serviço,EPP,Feminino,32,Comercial,Plano de expansão de canais de venda,2025-05-09,2025-11-07,46,46945.85,19263.56,601.79,46,65307.07,21899.79,943.64,100.0,10
723,Confecções Cristal,Samambaia,Indústria,ME,Masculino,39,Pessoas,Capacitação em liderança para o(a) proprietário(a),2025-11-28,2026-05-29,16,1500.0,926.64,35.84,16,975.0,651.06,20.25,0.0,1
724,Loja Cristal 2,Vicente Pires,Comércio,ME,Feminino,32,Marketing,Desenvolvimento de identidade visual e branding,2024-06-11,2024-12-10,1,30000.0,20540.33,9459.67,1,27028.5,19857.23,7171.27,9.7,2
725,Metalúrgica Lago Sul,Taguatinga,Indústria,ME,Masculino,21,Finanças,Implementação de fluxo de caixa semanal,2024-08-22,2025-02-20,18,8358.31,4699.99,203.24,17,6889.91,4157.47,160.73,22.6,5
726,Assessoria Alvorada 3,Núcleo Bandeirante,Serviço,ME,Masculino,26,Pessoas,Estruturação de processo seletivo e onboarding,2025-12-09,2026-06-09,8,1500.0,467.27,129.09,9,1819.24,469.57,149.96,85.6,9
727,Salão Brasília 4,Plano Piloto,Serviço,EPP,Masculino,55,Operações,Consultoria em gestão da qualidade,2025-07-27,2026-01-25,15,74757.03,25037.83,3314.61,15,73301.02,25935.57,3157.7,37.4,7
728,Assessoria Cristal 4,Ceilândia,Serviço,ME,Masculino,50,Marketing,Consultoria em posicionamento de marca,2024-10-25,2025-04-25,3,9592.74,2565.21,2342.51,3,10711.31,2788.81,2640.83,54.7,10
729,Oficina Bandeirante 5,Samambaia,Serviço,ME,Masculino,65,Finanças,Capacitação em gestão de capital de giro,2025-01-12,2025-07-13,2,12099.86,4736.13,3681.86,2,10490.17,4540.36,2974.91,22.4,5
730,Academia do Planalto 3,Ceilândia,Serviço,ME,Masculino,43,Marketing,Estruturação de presença em redes sociais,2024-07-24,2025-01-22,8,5209.03,1327.97,485.13,7,4297.05,1310.33,426.67,16.0,6
731,Academia JK 3,Sobradinho,Serviço,EPP,Feminino,43,Finanças,Consultoria em precificação e formação de preço de venda,2025-10-28,2026-04-28,44,82274.77,27371.78,1247.8,45,98155.58,28591.49,1545.87,77.6,8
732,Metalúrgica Meridiano,Planaltina,Indústria,ME,Masculino,36,Comercial,Implementação de funil de vendas estruturado,2025-07-11,2026-01-09,14,5230.09,2883.05,167.65,14,4920.3,2665.04,161.09,56.4,8
733,Escritório Sol Nascente 4,Plano Piloto,Serviço,ME,Masculino,38,Marketing,Plano de captação de clientes via marketing local,2024-10-20,2025-04-20,3,7905.32,3004.16,1633.72,4,9674.0,3328.03,1586.49,74.0,8
734,Estúdio JK 3,Guará,Serviço,EPP,Feminino,37,Pessoas,Definição de rotinas e organograma da equipe,2024-09-27,2025-03-28,46,224815.42,71635.14,3330.01,46,210123.13,64904.89,3156.92,56.5,7
735,Pet Shop das Águas Claras 2,Recanto das Emas,Comércio,EPP,Masculino,46,Comercial,Plano de expansão de canais de venda,2025-07-27,2026-01-25,43,112978.65,72143.37,949.66,43,132249.91,82743.15,1151.32,58.6,7
736,Salão Buriti 3,Vicente Pires,Serviço,ME,Masculino,45,Operações,Plano de melhoria de layout e fluxo logístico/produtivo,2025-05-09,2025-11-07,8,16461.07,6049.03,1301.5,8,18081.05,6093.77,1498.41,70.3,7
737,Boutique do Cerrado 2,Núcleo Bandeirante,Comércio,EPP,Feminino,56,Pessoas,"Plano de cargos, salários e retenção de talentos",2025-08-31,2026-03-01,24,30001.0,22039.78,331.72,24,38051.34,26384.22,486.13,77.5,9
738,Loja Meridiano 3,Guará,Comércio,EPP,Feminino,30,Finanças,Plano de redução e renegociação de custos fixos,2024-10-30,2025-04-30,38,49215.9,33683.09,408.76,38,55506.6,36414.8,502.42,68.9,7
739,Papelaria Candango 2,Sobradinho,Comércio,ME,Masculino,36,Finanças,Separação financeira entre pessoa física e jurídica,2026-01-28,2026-07-29,7,8494.49,5104.23,484.32,7,5521.42,3593.82,275.37,0.0,3
740,Ótica Bandeirante 3,Sobradinho,Comércio,ME,Feminino,26,Marketing,Consultoria em posicionamento de marca,2024-09-10,2025-03-11,2,19247.41,13847.6,2699.9,1,12510.82,9626.48,2884.34,11.8,2
741,Escritório Talento DF 4,Planaltina,Serviço,ME,Feminino,18,Operações,Implementação de controle de estoque,2024-09-17,2025-03-18,6,15771.0,4116.44,1942.43,6,18792.93,4569.74,2370.53,61.9,9
742,Boutique do Planalto 3,Guará,Comércio,ME,Masculino,52,Comercial,Treinamento de técnicas de vendas para a equipe,2025-08-23,2026-02-21,5,6973.87,4215.43,551.69,5,8717.98,4802.82,783.03,85.7,8
743,Salão Meridiano 7,Ceilândia,Serviço,ME,Feminino,41,Marketing,Estruturação de presença em redes sociais,2025-05-11,2025-11-09,6,3117.8,846.89,378.49,6,2880.12,853.61,337.75,33.5,6
744,Oficina Candango 4,Santa Maria,Serviço,ME,Feminino,54,Marketing,Plano de captação de clientes via marketing local,2025-01-23,2025-07-24,4,6982.72,2369.99,1153.18,3,4538.77,1767.43,923.78,0.0,5
745,Assessoria Meridiano 5,Núcleo Bandeirante,Serviço,ME,Masculino,26,Operações,Plano de melhoria de layout e fluxo logístico/produtivo,2025-08-24,2026-02-22,7,10971.83,4140.61,975.89,7,11745.92,4251.26,1070.66,60.3,9
746,Estúdio Brasília 3,Ceilândia,Serviço,ME,Feminino,59,Marketing,Consultoria em posicionamento de marca,2025-05-17,2025-11-15,8,8292.72,2953.86,667.36,9,10248.4,3223.11,780.59,77.8,10
747,Loja Brasília 3,São Sebastião,Comércio,ME,Masculino,64,Finanças,Implementação de fluxo de caixa semanal,2025-02-01,2025-08-02,6,11705.94,8337.58,561.39,6,16412.28,10535.08,979.53,96.9,10
748,Studio Ipê Amarelo 5,Vicente Pires,Serviço,ME,Masculino,41,Finanças,Separação financeira entre pessoa física e jurídica,2024-10-10,2025-04-10,8,13430.03,4881.79,1068.53,8,14634.98,4922.44,1214.07,68.1,8
749,Academia Candango 2,Taguatinga,Serviço,ME,Masculino,46,Finanças,Implementação de fluxo de caixa semanal,2025-08-12,2026-02-10,7,11000.68,3262.07,1105.52,7,10832.15,3390.83,1063.05,39.0,7
750,Studio JK 5,Planaltina,Serviço,ME,Masculino,27,Pessoas,"Plano de cargos, salários e retenção de talentos",2025-05-03,2025-11-01,3,6781.81,2423.04,1452.93,3,6180.6,2277.76,1300.95,42.5,5
751,Ótica Talento DF 2,Vicente Pires,Comércio,ME,Masculino,49,Pessoas,Programa de treinamento e desenvolvimento de colaboradores,2025-11-28,2026-05-29,7,10928.47,7618.22,472.89,7,11372.67,7979.04,484.8,47.0,5
752,Espaço Buriti 5,Núcleo Bandeirante,Serviço,ME,Feminino,55,Operações,Plano de melhoria de layout e fluxo logístico/produtivo,2025-02-12,2025-08-13,7,30000.0,10517.72,2783.18,7,27507.02,10241.98,2466.43,35.5,7
753,Distribuidora Meridiano 2,Taguatinga,Comércio,ME,Masculino,48,Finanças,Implementação de fluxo de caixa semanal,2024-11-09,2025-05-10,9,3272.37,2089.06,131.48,9,3125.43,2038.39,120.78,40.8,5
754,Armarinhos das Águas Claras 2,Plano Piloto,Comércio,EPP,Feminino,52,Marketing,Criação de plano de marketing digital,2024-07-02,2024-12-31,23,51815.63,33981.7,775.39,24,72212.54,41942.45,1261.25,100.0,10
755,Studio Ipê Amarelo 6,Guará,Serviço,ME,Masculino,40,Finanças,Plano de redução e renegociação de custos fixos,2024-11-13,2025-05-14,2,10716.82,3853.89,3431.46,3,14510.42,4129.84,3460.2,100.0,10
756,Pet Shop Meridiano 3,Taguatinga,Comércio,EPP,Masculino,49,Comercial,Criação de script de atendimento comercial,2025-08-18,2026-02-16,37,82321.6,50389.99,863.02,37,104686.94,59761.74,1214.19,77.5,9
757,Estúdio Lago Sul 2,Plano Piloto,Serviço,ME,Feminino,49,Finanças,Separação financeira entre pessoa física e jurídica,2024-11-23,2025-05-24,6,24014.16,10106.24,2317.99,6,17011.54,8009.8,1500.29,11.5,5
758,Espaço Lago Sul 3,Ceilândia,Serviço,ME,Feminino,34,Operações,Plano de melhoria de layout e fluxo logístico/produtivo,2025-05-03,2025-11-01,6,3953.84,1152.69,466.86,6,5592.57,1281.46,718.52,91.6,9
759,Armarinhos do Planalto 2,Taguatinga,Comércio,EPP,Masculino,30,Finanças,Capacitação em gestão de capital de giro,2024-10-10,2025-04-10,39,35904.84,19983.43,408.24,39,36993.38,20833.43,414.36,45.6,9
760,Pet Shop Meridiano 4,Gama,Comércio,EPP,Feminino,50,Marketing,Consultoria em posicionamento de marca,2025-12-18,2026-06-18,30,44797.66,31282.14,450.52,30,48236.91,32106.41,537.68,71.8,7
761,Consultoria das Águas Claras 3,Recanto das Emas,Serviço,ME,Feminino,44,Pessoas,Definição de rotinas e organograma da equipe,2025-12-03,2026-06-03,1,14586.58,6103.94,8482.64,2,19567.9,6720.84,6423.53,100.0,10
762,Salão das Águas Claras 4,Recanto das Emas,Serviço,ME,Feminino,36,Marketing,Consultoria em posicionamento de marca,2025-10-06,2026-04-06,8,15804.14,5982.61,1227.69,8,17489.13,6074.8,1426.79,70.8,8
763,Escritório do Cerrado 5,Sobradinho,Serviço,ME,Masculino,56,Finanças,Plano de redução e renegociação de custos fixos,2025-08-22,2026-02-20,3,3298.06,1133.84,721.41,4,4224.5,1295.19,732.33,74.8,10
764,Studio Bandeirante 2,Águas Claras,Serviço,ME,Masculino,39,Pessoas,Programa de treinamento e desenvolvimento de colaboradores,2025-05-15,2025-11-13,3,12266.34,5459.02,2269.1,4,15303.4,6268.9,2258.62,73.6,8
765,Distribuidora Sol Nascente 2,Samambaia,Comércio,ME,Masculino,38,Marketing,Desenvolvimento de identidade visual e branding,2024-06-06,2024-12-05,8,6798.16,4243.09,319.38,8,7628.67,4590.95,379.71,64.9,7
766,Boutique Sol Nascente 2,Ceilândia,Comércio,EPP,Masculino,37,Comercial,Treinamento de técnicas de vendas para a equipe,2024-06-27,2024-12-26,41,30262.76,19101.24,272.23,41,27694.2,17729.26,243.05,44.0,5
767,Mercadinho Buriti 3,Taguatinga,Comércio,ME,Feminino,36,Marketing,Consultoria em posicionamento de marca,2025-02-26,2025-08-27,5,7715.06,5155.38,511.94,5,7701.51,5184.44,503.41,46.7,8
768,Consultoria Ipê Amarelo 2,Plano Piloto,Serviço,ME,Feminino,53,Operações,Plano de melhoria de layout e fluxo logístico/produtivo,2025-09-02,2026-03-03,7,6582.86,2212.4,624.35,7,6181.42,2252.73,561.24,31.1,7
769,Loja do Planalto 2,Taguatinga,Comércio,ME,Masculino,41,Comercial,Implementação de funil de vendas estruturado,2024-08-19,2025-02-17,1,17585.15,11624.84,5960.32,1,14592.09,10239.41,4352.68,22.9,3
770,Distribuidora das Águas Claras 3,Ceilândia,Comércio,ME,Masculino,41,Marketing,Desenvolvimento de identidade visual e branding,2025-05-01,2025-10-30,3,7479.52,5559.62,639.97,4,10868.41,7263.5,901.23,100.0,10
771,Boutique das Águas Claras 2,Taguatinga,Comércio,ME,Masculino,46,Comercial,Criação de script de atendimento comercial,2026-01-04,2026-07-05,3,6058.45,3619.92,812.84,4,7934.27,4311.08,905.8,86.1,10
772,Estúdio Buriti 2,Guará,Serviço,ME,Feminino,48,Finanças,Plano de redução e renegociação de custos fixos,2025-10-23,2026-04-23,4,6120.33,1711.93,1102.1,4,7860.66,1725.91,1533.69,90.1,10
773,Assessoria JK 3,Recanto das Emas,Serviço,ME,Masculino,51,Operações,Consultoria em gestão da qualidade,2025-05-03,2025-11-01,4,6519.83,2182.25,1084.39,4,7956.24,2382.58,1393.42,73.5,8
774,Clínica Buriti 3,Vicente Pires,Serviço,ME,Masculino,21,Finanças,Consultoria em precificação e formação de preço de venda,2025-05-19,2025-11-17,1,4185.89,1468.41,2717.48,1,6114.44,1740.47,4373.97,94.1,10
775,Academia Brasília 3,Sobradinho,Serviço,ME,Masculino,51,Comercial,Consultoria em negociação com fornecedores e clientes,2024-07-09,2025-01-07,7,6026.47,2366.23,522.89,7,7249.98,2656.32,656.24,67.5,8
776,Salão Lago Sul 4,Gama,Serviço,ME,Masculino,41,Comercial,Consultoria em negociação com fornecedores e clientes,2024-06-02,2024-12-01,6,8585.23,3786.38,799.81,6,11159.56,4478.16,1113.57,76.5,9
777,Salão Sol Nascente 4,Taguatinga,Serviço,EPP,Masculino,20,Finanças,Capacitação em gestão de capital de giro,2024-12-10,2025-06-10,25,43081.7,16704.24,1055.1,24,38095.8,15651.05,935.2,34.6,5
778,Distribuidora Ipê Amarelo 4,Gama,Comércio,ME,Masculino,52,Comercial,Criação de script de atendimento comercial,2025-10-11,2026-04-11,8,10196.76,7621.42,321.92,8,10412.43,7654.54,344.74,58.2,10
779,Salão do Cerrado 6,Ceilândia,Serviço,ME,Masculino,47,Marketing,Criação de plano de marketing digital,2024-06-04,2024-12-03,4,16475.34,4930.54,2886.2,4,16639.05,4777.37,2965.42,58.1,7
780,Pet Shop Buriti 2,Águas Claras,Comércio,ME,Masculino,35,Comercial,Consultoria em negociação com fornecedores e clientes,2025-10-01,2026-04-01,2,9244.5,5470.69,1886.9,2,8183.58,5182.89,1500.34,22.3,3
781,Academia Bandeirante 3,Plano Piloto,Serviço,ME,Feminino,54,Finanças,Implementação de fluxo de caixa semanal,2024-11-05,2025-05-06,8,6018.03,1873.45,518.07,8,6569.91,1709.21,607.59,84.1,7
782,Pet Shop Ipê Amarelo 3,Águas Claras,Comércio,ME,Feminino,25,Operações,Mapeamento e otimização de processos internos,2024-07-31,2025-01-29,2,4361.51,3085.44,638.03,2,4809.64,3424.82,692.41,46.9,7
783,Assessoria das Águas Claras 4,Samambaia,Serviço,ME,Masculino,27,Pessoas,"Plano de cargos, salários e retenção de talentos",2024-07-29,2025-01-27,1,9546.11,2742.63,6803.48,2,12932.53,2745.61,5093.46,100.0,10
784,Escritório JK 6,Guará,Serviço,ME,Masculino,36,Comercial,Treinamento de técnicas de vendas para a equipe,2025-07-23,2026-01-21,5,7456.0,2156.56,1059.89,6,9242.07,2580.28,1110.3,56.7,8
785,Boutique das Águas Claras 3,São Sebastião,Comércio,EPP,Masculino,37,Comercial,Plano de expansão de canais de venda,2024-06-28,2024-12-27,33,43974.66,27807.25,489.92,33,46456.15,28902.56,531.93,56.8,8
786,Gráfica Bandeirante,Santa Maria,Indústria,ME,Masculino,48,Finanças,Separação financeira entre pessoa física e jurídica,2025-04-17,2025-10-16,6,7605.34,3905.41,616.66,6,8556.16,4303.82,708.72,57.0,6
787,Academia JK 4,Recanto das Emas,Serviço,ME,Feminino,46,Finanças,Consultoria em precificação e formação de preço de venda,2025-12-23,2026-06-23,8,9364.81,3552.03,726.6,8,11928.56,4272.16,957.05,64.1,8
788,Clínica Ipê Amarelo 2,Planaltina,Serviço,ME,Masculino,49,Comercial,Treinamento de técnicas de vendas para a equipe,2025-05-26,2025-11-24,3,10925.23,4676.36,2082.96,3,11370.37,4713.4,2218.99,59.0,7
789,Armarinhos Alvorada 2,Ceilândia,Comércio,EPP,Masculino,34,Pessoas,"Plano de cargos, salários e retenção de talentos",2024-12-21,2025-06-21,48,50511.01,29181.83,444.36,48,47015.31,27289.2,410.96,48.2,5
790,Armarinhos Buriti 3,Santa Maria,Comércio,EPP,Feminino,36,Operações,Consultoria em gestão da qualidade,2025-11-25,2026-05-26,35,31241.98,20599.43,304.07,35,33429.18,21154.02,350.72,67.7,9
791,Salão Brasília 5,Gama,Serviço,ME,Feminino,34,Comercial,Plano de expansão de canais de venda,2024-07-15,2025-01-13,2,9405.39,2517.64,3443.88,2,7894.6,2257.7,2818.45,37.8,6
792,Escritório Candango 3,Samambaia,Serviço,ME,Feminino,49,Pessoas,"Plano de cargos, salários e retenção de talentos",2024-10-31,2025-05-01,4,7221.99,2125.42,1274.14,3,5283.58,1819.13,1154.82,16.2,3
793,Studio do Cerrado 3,Plano Piloto,Serviço,ME,Feminino,30,Comercial,Treinamento de técnicas de vendas para a equipe,2024-09-13,2025-03-14,1,4946.16,1542.31,3403.85,1,5166.38,1562.16,3604.22,56.3,8
794,Gráfica Cristal,Vicente Pires,Indústria,EPP,Masculino,39,Finanças,Separação financeira entre pessoa física e jurídica,2024-06-09,2024-12-08,87,102972.17,58263.77,513.89,87,108660.89,58679.12,574.5,67.2,10
795,Academia Bandeirante 4,Recanto das Emas,Serviço,ME,Masculino,48,Comercial,Plano de expansão de canais de venda,2026-01-04,2026-07-05,6,5538.76,1999.36,589.9,6,3996.39,1636.82,393.26,17.6,5
796,Studio Meridiano 4,Planaltina,Serviço,ME,Masculino,46,Finanças,Implementação de fluxo de caixa semanal,2024-10-06,2025-04-06,4,13308.43,5038.75,2067.42,4,14343.17,5314.33,2257.21,55.4,8
797,Laticínios JK,Recanto das Emas,Indústria,ME,Feminino,30,Pessoas,Definição de rotinas e organograma da equipe,2024-07-15,2025-01-13,13,6204.59,3808.26,184.33,13,7011.63,4088.0,224.89,70.5,7
798,Espaço Cristal 5,Águas Claras,Serviço,ME,Masculino,34,Comercial,Treinamento de técnicas de vendas para a equipe,2025-12-11,2026-06-11,6,3567.32,1025.41,423.65,7,4760.91,1043.57,531.05,95.5,10
799,Salão das Águas Claras 5,Planaltina,Serviço,EPP,Masculino,40,Marketing,Estruturação de presença em redes sociais,2026-01-08,2026-07-09,33,77793.84,31014.57,1417.55,33,95620.07,36701.52,1785.41,59.9,8
800,Estúdio Candango 3,Samambaia,Serviço,ME,Feminino,40,Comercial,Plano de expansão de canais de venda,2024-10-07,2025-04-07,4,16041.62,6150.42,2472.8,4,14684.15,5656.4,2256.94,48.8,8
801,Estúdio Brasília 4,Águas Claras,Serviço,ME,Masculino,31,Pessoas,Estruturação de processo seletivo e onboarding,2025-02-01,2025-08-02,4,4544.94,1208.69,834.06,4,4335.71,1325.39,752.58,23.5,4
802,Assessoria do Planalto 4,Guará,Serviço,ME,Feminino,62,Marketing,Estruturação de presença em redes sociais,2025-07-17,2026-01-15,3,8170.99,2606.05,1854.98,2,6461.89,2267.41,2097.24,28.7,5
803,Salão Bandeirante 5,Ceilândia,Serviço,ME,Feminino,36,Comercial,Treinamento de técnicas de vendas para a equipe,2025-02-16,2025-08-17,8,10741.76,2744.95,999.6,8,13065.14,2799.73,1283.18,77.5,7
804,Empório Lago Sul 4,Sobradinho,Comércio,ME,Feminino,40,Finanças,Consultoria em precificação e formação de preço de venda,2025-09-25,2026-03-26,5,8015.46,4553.08,692.48,5,9521.61,5267.23,850.88,59.9,7
805,Armarinhos JK 2,Samambaia,Comércio,ME,Feminino,33,Pessoas,Definição de rotinas e organograma da equipe,2024-10-30,2025-04-30,5,1808.61,1097.39,142.24,5,2536.16,1407.59,225.71,84.5,10
806,Consultoria Talento DF 5,Guará,Serviço,EPP,Masculino,38,Marketing,Estruturação de presença em redes sociais,2025-10-10,2026-04-10,38,30001.0,8959.0,553.74,38,39933.92,9696.88,795.71,87.2,8
807,Estúdio das Águas Claras 3,Recanto das Emas,Serviço,ME,Masculino,33,Finanças,Implementação de fluxo de caixa semanal,2025-05-07,2025-11-05,5,10112.12,4348.56,1152.71,5,9640.62,4173.28,1093.47,48.1,9
808,Clínica Brasília 4,Recanto das Emas,Serviço,ME,Feminino,33,Operações,Implementação de controle de estoque,2024-06-07,2024-12-06,9,17731.09,7602.34,1125.42,9,14117.37,6429.86,854.17,32.2,3
809,Fábrica Sol Nascente,Recanto das Emas,Indústria,ME,Masculino,37,Finanças,Implementação de fluxo de caixa semanal,2025-06-14,2025-12-13,5,12824.54,7253.22,1114.26,5,12437.27,7015.54,1084.35,51.0,5
810,Consultoria Meridiano 5,Vicente Pires,Serviço,ME,Feminino,40,Comercial,Plano de expansão de canais de venda,2024-06-06,2024-12-05,1,2236.8,888.02,1348.77,1,2550.64,1027.16,1523.48,46.2,8
811,Distribuidora Brasília 2,Planaltina,Comércio,ME,Feminino,69,Marketing,Consultoria em posicionamento de marca,2025-10-30,2026-04-30,4,28668.19,21498.86,1792.33,4,27322.95,20694.96,1657.0,45.0,8
812,Estúdio Sol Nascente 2,Santa Maria,Serviço,ME,Feminino,64,Comercial,Treinamento de técnicas de vendas para a equipe,2026-01-25,2026-07-26,5,3610.8,1198.93,482.38,5,3584.66,1209.06,475.12,46.5,6
813,Boutique das Águas Claras 4,Guará,Comércio,ME,Masculino,31,Comercial,Plano de expansão de canais de venda,2024-09-03,2025-03-04,8,4188.7,2741.44,180.91,8,4670.32,2875.21,224.39,75.9,7
814,Estúdio Talento DF 4,Samambaia,Serviço,ME,Feminino,34,Finanças,Consultoria em precificação e formação de preço de venda,2025-04-18,2025-10-17,6,12788.78,4862.68,1321.02,6,12400.74,4542.14,1309.77,59.3,5
815,Mercadinho Buriti 4,Samambaia,Comércio,ME,Masculino,51,Finanças,Implementação de fluxo de caixa semanal,2024-12-23,2025-06-23,9,10497.6,7706.41,310.13,9,11423.95,8107.14,368.53,66.3,5
816,Escritório das Águas Claras 4,Águas Claras,Serviço,ME,Feminino,71,Finanças,Plano de redução e renegociação de custos fixos,2024-07-09,2025-01-07,1,8395.05,3436.96,4958.09,1,9394.4,3596.68,5797.73,67.7,8
817,Pet Shop Cristal 3,Samambaia,Comércio,ME,Masculino,53,Finanças,Consultoria em precificação e formação de preço de venda,2025-07-19,2026-01-17,5,5684.81,3199.89,496.98,5,5283.92,3043.99,447.99,41.2,6
818,Clínica Alvorada 5,Plano Piloto,Serviço,EPP,Masculino,23,Pessoas,Capacitação em liderança para o(a) proprietário(a),2024-06-17,2024-12-16,43,60863.26,23894.31,859.74,43,60027.63,22701.85,868.04,59.6,8
819,Loja JK 2,Plano Piloto,Comércio,ME,Feminino,33,Marketing,Desenvolvimento de identidade visual e branding,2024-06-15,2024-12-14,5,17777.89,10673.62,1420.85,5,19308.85,11314.74,1598.82,59.6,8
820,Distribuidora Sol Nascente 3,Recanto das Emas,Comércio,ME,Feminino,19,Comercial,Criação de script de atendimento comercial,2025-10-08,2026-04-08,3,7813.45,4695.73,1039.24,3,7199.91,4597.0,867.64,25.0,5
821,Indústria Bandeirante,Taguatinga,Indústria,EPP,Masculino,45,Comercial,Treinamento de técnicas de vendas para a equipe,2024-11-20,2025-05-21,81,30001.0,16783.99,163.17,81,27907.69,15654.75,151.27,49.0,6
822,Studio Cristal 4,Sobradinho,Serviço,ME,Masculino,36,Marketing,Estruturação de presença em redes sociais,2025-12-05,2026-06-05,8,3126.62,1217.07,238.69,9,4394.49,1435.06,328.82,91.8,9
823,Clínica do Cerrado 7,Águas Claras,Serviço,ME,Masculino,37,Finanças,Plano de redução e renegociação de custos fixos,2025-05-29,2025-11-27,3,16757.09,4722.91,4011.39,3,10892.11,3614.5,2425.87,15.3,4
824,Academia Talento DF 7,Guará,Serviço,ME,Feminino,41,Finanças,Capacitação em gestão de capital de giro,2025-04-16,2025-10-15,5,9124.95,2855.22,1253.95,5,6268.87,2229.54,807.87,21.5,3
825,Estúdio do Planalto 4,Ceilândia,Serviço,ME,Feminino,30,Marketing,Criação de plano de marketing digital,2025-02-05,2025-08-06,8,15618.34,6141.51,1184.6,8,10151.92,4499.58,706.54,0.0,3
826,Salão do Planalto 3,Águas Claras,Serviço,ME,Masculino,39,Comercial,Criação de script de atendimento comercial,2025-01-13,2025-07-14,2,11279.32,3162.73,4058.3,2,12700.4,3504.04,4598.18,53.0,6
827,Indústria Talento DF,Ceilândia,Indústria,ME,Masculino,18,Operações,Plano de melhoria de layout e fluxo logístico/produtivo,2024-10-16,2025-04-16,1,30000.0,18598.25,11401.75,2,36001.81,21265.97,7367.92,69.5,8
828,Metalúrgica Bandeirante,Guará,Indústria,ME,Feminino,41,Pessoas,"Plano de cargos, salários e retenção de talentos",2025-08-03,2026-02-01,15,6642.31,3594.87,203.16,15,6641.75,3497.93,209.59,59.7,6
829,Studio Cristal 5,Plano Piloto,Serviço,ME,Masculino,48,Operações,Padronização de processos operacionais,2025-06-05,2025-12-04,7,8077.62,2966.09,730.22,7,10221.09,3333.08,984.0,77.4,9
830,Pet Shop das Águas Claras 3,Vicente Pires,Comércio,ME,Masculino,52,Finanças,Capacitação em gestão de capital de giro,2024-06-14,2024-12-13,2,12321.43,6974.91,2673.26,1,9725.03,5945.69,3779.35,19.8,3
831,Ótica JK 2,Plano Piloto,Comércio,ME,Feminino,26,Finanças,Capacitação em gestão de capital de giro,2024-12-15,2025-06-15,6,6666.97,4939.56,287.9,6,7901.7,5754.81,357.81,58.4,7
832,Confecções das Águas Claras,Gama,Indústria,ME,Feminino,47,Finanças,Plano de redução e renegociação de custos fixos,2025-12-01,2026-06-01,14,12949.07,8177.42,340.83,14,15039.91,9152.64,420.52,65.3,10
833,Consultoria Talento DF 6,Samambaia,Serviço,ME,Feminino,45,Operações,Consultoria em gestão da qualidade,2025-03-28,2025-09-26,9,1500.0,432.02,118.66,9,1083.89,335.59,83.14,35.6,3
834,Assessoria Buriti 2,Recanto das Emas,Serviço,EPP,Masculino,27,Pessoas,Definição de rotinas e organograma da equipe,2024-11-04,2025-05-05,42,125535.08,48032.29,1845.3,42,99161.65,41615.21,1370.15,25.3,4
835,Mercearia Brasília 2,Águas Claras,Comércio,ME,Masculino,34,Pessoas,"Plano de cargos, salários e retenção de talentos",2024-10-19,2025-04-19,2,7658.16,5426.75,1115.7,2,6945.84,5145.99,899.93,28.5,4
836,Salão Buriti 4,Plano Piloto,Serviço,ME,Masculino,39,Finanças,Capacitação em gestão de capital de giro,2024-09-25,2025-03-26,6,7520.6,2063.6,909.5,6,8114.77,2314.28,966.75,42.8,5
837,Estúdio Cristal 3,Taguatinga,Serviço,ME,Feminino,29,Operações,Mapeamento e otimização de processos internos,2025-11-08,2026-05-09,7,7358.91,2689.61,667.04,7,7018.08,2646.1,624.57,42.3,7
838,Indústria das Águas Claras,Ceilândia,Indústria,ME,Masculino,27,Marketing,Criação de plano de marketing digital,2024-12-07,2025-06-07,6,4726.97,2931.15,299.3,7,6189.01,3434.84,393.45,93.4,10
839,Cerâmica Sol Nascente,Ceilândia,Indústria,ME,Masculino,27,Operações,Consultoria em gestão da qualidade,2024-11-29,2025-05-30,4,13778.58,7596.72,1545.46,5,20238.32,10201.99,2007.27,81.5,10
840,Mercadinho JK 4,Núcleo Bandeirante,Comércio,ME,Masculino,31,Marketing,Consultoria em posicionamento de marca,2024-07-09,2025-01-07,4,5910.76,4342.97,391.95,4,6377.74,4610.51,441.81,57.9,7
841,Mercadinho Candango 3,Águas Claras,Comércio,ME,Masculino,44,Finanças,Capacitação em gestão de capital de giro,2025-11-25,2026-05-26,7,9021.46,5048.05,567.63,7,10725.7,5573.72,736.0,76.6,10
842,Assessoria Alvorada 4,Ceilândia,Serviço,ME,Feminino,42,Finanças,Plano de redução e renegociação de custos fixos,2025-01-24,2025-07-25,5,7823.59,3394.2,885.88,5,8942.79,3590.01,1070.56,71.6,6
843,Salão Candango 5,Vicente Pires,Serviço,ME,Masculino,32,Pessoas,"Plano de cargos, salários e retenção de talentos",2025-08-04,2026-02-02,6,10801.23,4811.34,998.32,6,15176.59,5897.52,1546.51,87.9,10
844,Salão Sol Nascente 5,Ceilândia,Serviço,ME,Feminino,49,Comercial,Implementação de funil de vendas estruturado,2025-08-10,2026-02-08,6,18878.39,5308.39,2261.67,6,21487.55,5355.52,2688.67,71.3,8
845,Estúdio JK 4,Águas Claras,Serviço,ME,Feminino,25,Comercial,Criação de script de atendimento comercial,2024-12-31,2025-07-01,9,8993.52,3023.53,663.33,9,9613.69,3263.75,705.55,47.8,6
846,Consultoria Candango 2,Guará,Serviço,ME,Feminino,32,Comercial,Implementação de funil de vendas estruturado,2025-03-31,2025-09-29,6,13253.74,4958.93,1382.47,6,15142.71,4845.71,1716.17,86.1,9
847,Distribuidora Ipê Amarelo 5,Vicente Pires,Comércio,ME,Masculino,33,Comercial,Criação de script de atendimento comercial,2024-08-01,2025-01-30,2,8726.49,6358.54,1183.98,3,12029.91,7863.32,1388.86,100.0,10
848,Escritório das Águas Claras 5,Guará,Serviço,ME,Masculino,50,Pessoas,Estruturação de processo seletivo e onboarding,2025-07-13,2026-01-11,4,5905.22,1664.71,1060.13,4,6048.86,1685.24,1090.9,52.2,9
849,Mercearia Buriti 3,Águas Claras,Comércio,ME,Feminino,56,Finanças,Consultoria em precificação e formação de preço de venda,2025-07-17,2026-01-15,2,7348.58,4532.64,1407.97,2,6649.61,4201.26,1224.17,40.0,5
850,Salão Brasília 6,Núcleo Bandeirante,Serviço,ME,Masculino,42,Finanças,Capacitação em gestão de capital de giro,2024-10-09,2025-04-09,7,6748.47,2764.08,569.2,7,9032.33,3142.67,841.38,91.1,9
851,Studio Candango 4,Ceilândia,Serviço,ME,Masculino,24,Operações,Consultoria em gestão da qualidade,2024-09-28,2025-03-29,9,11249.67,3734.9,834.97,9,12211.31,3935.11,919.58,56.5,6
852,Escritório Brasília 4,Núcleo Bandeirante,Serviço,ME,Feminino,27,Marketing,Criação de plano de marketing digital,2025-01-29,2025-07-30,7,8528.66,3164.04,766.38,8,10382.29,3724.01,832.28,58.2,5
853,Studio Brasília 3,São Sebastião,Serviço,EPP,Masculino,26,Finanças,Consultoria em precificação e formação de preço de venda,2025-07-28,2026-01-26,19,145780.81,52772.81,4895.16,19,178134.1,55212.86,6469.54,84.7,10
854,Pet Shop Meridiano 5,Vicente Pires,Comércio,ME,Feminino,52,Finanças,Consultoria em precificação e formação de preço de venda,2025-04-13,2025-10-12,7,4967.33,3698.85,181.21,7,4840.04,3634.56,172.21,45.8,7
855,Studio Brasília 4,Samambaia,Serviço,ME,Masculino,28,Finanças,Consultoria em precificação e formação de preço de venda,2024-07-08,2025-01-06,1,7002.48,1948.83,5053.65,1,7744.62,1919.55,5825.07,70.3,9
856,Estúdio das Águas Claras 4,Taguatinga,Serviço,ME,Feminino,69,Finanças,Plano de redução e renegociação de custos fixos,2025-05-16,2025-11-14,3,3202.37,1408.04,598.11,3,3633.59,1562.76,690.28,56.4,9
857,Armarinhos Lago Sul 3,Guará,Comércio,EPP,Feminino,42,Finanças,Capacitação em gestão de capital de giro,2025-08-06,2026-02-04,22,58188.58,38569.14,891.79,22,66312.03,43565.69,1033.92,53.9,8
858,Assessoria Sol Nascente 3,Planaltina,Serviço,ME,Masculino,37,Finanças,Plano de redução e renegociação de custos fixos,2024-09-22,2025-03-23,5,7161.21,3085.27,815.19,5,7941.16,3224.75,943.28,66.5,7
859,Academia do Cerrado 4,Planaltina,Serviço,ME,Feminino,45,Operações,Padronização de processos operacionais,2025-02-27,2025-08-28,3,8006.27,2190.42,1938.62,2,6708.89,2170.92,2268.98,11.7,2
860,Studio Ipê Amarelo 7,Vicente Pires,Serviço,EPP,Masculino,21,Operações,Mapeamento e otimização de processos internos,2025-10-06,2026-04-06,27,37539.35,14201.16,864.38,27,45944.62,14851.63,1151.59,86.7,10
861,Studio Brasília 5,Recanto das Emas,Serviço,ME,Masculino,49,Pessoas,Estruturação de processo seletivo e onboarding,2024-12-16,2025-06-16,1,23677.15,9897.57,13779.58,1,21456.07,9702.91,11753.17,27.2,6
862,Papelaria Talento DF 2,Plano Piloto,Comércio,EPP,Feminino,33,Comercial,Consultoria em negociação com fornecedores e clientes,2024-07-26,2025-01-24,42,41637.3,29453.24,290.1,41,35337.65,26763.89,209.12,16.5,5
863,Salão Talento DF 6,Águas Claras,Serviço,ME,Masculino,48,Comercial,Plano de expansão de canais de venda,2025-12-17,2026-06-17,4,17966.57,4527.35,3359.8,3,16054.37,4158.69,3965.23,45.3,7
864,Oficina do Cerrado 5,Taguatinga,Serviço,ME,Masculino,37,Pessoas,Capacitação em liderança para o(a) proprietário(a),2024-07-30,2025-01-28,8,4301.64,1464.46,354.65,9,5343.64,1581.94,417.97,79.6,8
865,Assessoria Alvorada 5,Taguatinga,Serviço,ME,Masculino,24,Operações,Padronização de processos operacionais,2024-07-08,2025-01-06,1,9029.56,2465.69,6563.86,1,6199.44,1860.26,4339.17,32.0,7
866,Clínica Ipê Amarelo 3,Taguatinga,Serviço,ME,Masculino,52,Marketing,Consultoria em posicionamento de marca,2024-10-31,2025-05-01,8,9125.09,2560.18,820.61,9,12337.55,2743.44,1066.01,88.8,8
867,Assessoria Buriti 3,Sobradinho,Serviço,EPP,Feminino,22,Finanças,Capacitação em gestão de capital de giro,2025-09-02,2026-03-03,35,46748.7,18290.78,813.08,35,30591.36,13498.67,488.36,13.1,4
868,Papelaria Alvorada 5,Guará,Comércio,ME,Feminino,34,Comercial,Treinamento de técnicas de vendas para a equipe,2025-07-05,2026-01-03,3,6966.96,5164.72,600.75,3,7329.07,5410.07,639.67,52.1,5
869,Assessoria Lago Sul 5,Planaltina,Serviço,EPP,Masculino,52,Comercial,Implementação de funil de vendas estruturado,2024-10-22,2025-04-22,40,56576.27,21319.04,881.43,40,57447.85,22052.48,884.88,45.3,6
870,Boutique das Águas Claras 5,Plano Piloto,Comércio,ME,Masculino,43,Marketing,Criação de plano de marketing digital,2024-07-18,2025-01-16,7,7238.6,4129.45,444.17,8,8750.61,4745.24,500.67,68.8,9
871,Oficina Buriti 3,Guará,Serviço,ME,Masculino,70,Finanças,Consultoria em precificação e formação de preço de venda,2026-01-04,2026-07-05,7,6469.32,1933.03,648.04,8,8031.4,2108.24,740.4,74.2,9
872,Oficina Ipê Amarelo 2,Sobradinho,Serviço,EPP,Masculino,39,Pessoas,Definição de rotinas e organograma da equipe,2024-06-05,2024-12-04,44,127498.28,41535.74,1953.69,44,111729.04,39113.53,1650.35,33.8,5
873,Studio do Cerrado 4,Riacho Fundo,Serviço,ME,Feminino,35,Marketing,Estruturação de presença em redes sociais,2025-12-16,2026-06-16,9,24607.88,6768.93,1982.11,9,27476.68,6960.43,2279.58,64.5,6
874,Armarinhos Alvorada 3,Gama,Comércio,EPP,Masculino,31,Marketing,Criação de plano de marketing digital,2025-03-16,2025-09-14,16,101486.48,73029.02,1778.59,16,119078.43,81061.88,2376.03,75.9,7
875,Empório do Planalto 2,Sobradinho,Comércio,ME,Feminino,32,Finanças,Separação financeira entre pessoa física e jurídica,2024-09-27,2025-03-28,3,6232.21,3670.15,854.02,3,4050.94,2588.15,487.6,5.7,3
876,Assessoria Sol Nascente 4,Planaltina,Serviço,ME,Feminino,74,Operações,Padronização de processos operacionais,2024-12-29,2025-06-29,1,9815.9,2708.31,7107.6,1,6380.34,2079.42,4300.92,0.0,2
877,Assessoria do Cerrado 6,Planaltina,Serviço,ME,Masculino,31,Operações,Consultoria em gestão da qualidade,2024-12-07,2025-06-07,1,1754.22,693.16,1061.06,1,1567.28,660.67,906.61,32.4,7
878,Mercearia Talento DF 2,São Sebastião,Comércio,ME,Feminino,40,Finanças,Implementação de fluxo de caixa semanal,2024-09-04,2025-03-05,1,13112.72,7544.62,5568.1,1,10996.01,6643.42,4352.59,30.8,6
879,Assessoria Meridiano 6,Plano Piloto,Serviço,ME,Masculino,30,Marketing,Estruturação de presença em redes sociais,2025-02-19,2025-08-20,7,16280.93,5406.31,1553.52,7,15505.07,4918.42,1512.38,59.9,6
880,Escritório Ipê Amarelo 2,Plano Piloto,Serviço,ME,Feminino,26,Marketing,Plano de captação de clientes via marketing local,2025-07-06,2026-01-04,6,4255.55,1502.64,458.82,6,4745.85,1455.09,548.46,81.0,7
881,Studio Brasília 6,Samambaia,Serviço,ME,Masculino,35,Operações,Consultoria em gestão da qualidade,2025-03-16,2025-09-14,1,5884.43,1565.53,4318.9,1,4258.97,1225.71,3033.26,35.5,7
882,Boutique Alvorada 3,Planaltina,Comércio,ME,Masculino,45,Finanças,Capacitação em gestão de capital de giro,2025-06-27,2025-12-26,4,10489.17,6935.0,888.54,4,12008.33,7642.19,1091.53,66.5,8
883,Ótica do Cerrado 4,Gama,Comércio,EPP,Masculino,54,Operações,Plano de melhoria de layout e fluxo logístico/produtivo,2026-01-13,2026-07-14,14,102349.87,66121.37,2587.75,13,89994.16,60623.02,2259.32,31.6,6
884,Estúdio Candango 4,Guará,Serviço,ME,Masculino,52,Comercial,Consultoria em negociação com fornecedores e clientes,2024-08-14,2025-02-12,2,8093.96,3105.52,2494.22,1,6154.82,2381.81,3773.01,47.8,4
885,Manufatura Cristal,Águas Claras,Indústria,ME,Feminino,27,Finanças,Separação financeira entre pessoa física e jurídica,2025-08-25,2026-02-23,2,10583.15,5226.27,2678.44,1,8581.92,4604.88,3977.04,21.5,2
886,Salão Bandeirante 6,Taguatinga,Serviço,EPP,Feminino,39,Finanças,Capacitação em gestão de capital de giro,2024-10-19,2025-04-19,31,65901.59,21175.88,1442.76,31,74882.18,21994.83,1706.04,68.4,10
887,Studio do Planalto 4,São Sebastião,Serviço,ME,Feminino,21,Finanças,Separação financeira entre pessoa física e jurídica,2024-06-12,2024-12-11,1,6733.51,2571.74,4161.77,1,7920.46,2675.78,5244.68,79.4,9
888,Studio Meridiano 5,Plano Piloto,Serviço,ME,Feminino,47,Finanças,Capacitação em gestão de capital de giro,2025-01-09,2025-07-10,8,24468.85,6291.41,2272.18,8,27626.52,5992.73,2704.22,76.8,7
889,Escritório Alvorada 3,Vicente Pires,Serviço,ME,Masculino,29,Comercial,Implementação de funil de vendas estruturado,2025-01-27,2025-07-28,9,5352.68,1462.13,432.28,8,3632.71,1173.94,307.35,1.7,1
890,Consultoria do Planalto 4,Taguatinga,Serviço,ME,Masculino,38,Operações,Padronização de processos operacionais,2026-01-25,2026-07-26,8,30000.0,9201.31,2599.84,8,20922.21,7302.07,1702.52,21.8,4
891,Oficina Brasília 3,Gama,Serviço,ME,Feminino,31,Finanças,Plano de redução e renegociação de custos fixos,2024-12-28,2025-06-28,8,16854.13,4572.04,1535.26,8,15338.4,4443.86,1361.82,37.7,5
892,Oficina Candango 5,Planaltina,Serviço,ME,Feminino,52,Pessoas,"Plano de cargos, salários e retenção de talentos",2025-09-12,2026-03-13,7,13180.13,3399.19,1397.28,7,12431.18,3433.52,1285.38,37.8,7
893,Papelaria Talento DF 3,Sobradinho,Comércio,ME,Masculino,45,Finanças,Implementação de fluxo de caixa semanal,2025-12-23,2026-06-23,9,4285.15,3203.05,120.23,9,4226.98,3112.65,123.81,57.4,6
894,Salão Meridiano 8,Taguatinga,Serviço,ME,Masculino,64,Marketing,Consultoria em posicionamento de marca,2024-12-23,2025-06-23,8,13808.04,4710.64,1137.17,8,14414.32,5092.61,1165.21,41.9,6
895,Academia das Águas Claras 3,Riacho Fundo,Serviço,ME,Feminino,24,Pessoas,Capacitação em liderança para o(a) proprietário(a),2024-09-18,2025-03-19,2,11493.76,4100.25,3696.76,1,10083.27,3988.81,6094.46,24.1,6
896,Armarinhos Sol Nascente 2,Planaltina,Comércio,ME,Masculino,72,Operações,Plano de melhoria de layout e fluxo logístico/produtivo,2026-01-10,2026-07-11,6,2242.69,1347.81,149.15,6,2719.56,1527.12,198.74,76.3,9
897,Armarinhos Brasília 4,Gama,Comércio,ME,Masculino,32,Marketing,Estruturação de presença em redes sociais,2025-03-07,2025-09-05,3,3444.16,1899.59,514.86,3,3964.32,2187.07,592.42,49.9,4
898,Armarinhos Bandeirante 2,Planaltina,Comércio,ME,Masculino,32,Marketing,Consultoria em posicionamento de marca,2025-03-05,2025-09-03,8,9914.7,6941.72,371.62,8,9144.97,6689.5,306.93,29.1,4
899,Pet Shop Talento DF 3,Ceilândia,Comércio,EPP,Feminino,25,Finanças,Plano de redução e renegociação de custos fixos,2025-08-19,2026-02-17,10,31812.46,22101.73,971.07,10,32853.13,21947.55,1090.56,67.8,10
900,Papelaria Ipê Amarelo 2,Planaltina,Comércio,ME,Masculino,34,Finanças,Plano de redução e renegociação de custos fixos,2025-01-19,2025-07-20,4,7385.08,5498.25,471.71,4,4841.49,3846.6,248.72,6.6,2
901,Studio do Cerrado 5,Samambaia,Serviço,ME,Feminino,42,Comercial,Plano de expansão de canais de venda,2025-04-27,2025-10-26,4,5868.24,1491.83,1094.1,4,8039.19,1726.58,1578.15,76.3,8
902,Assessoria Lago Sul 6,Plano Piloto,Serviço,ME,Feminino,33,Finanças,Consultoria em precificação e formação de preço de venda,2025-12-29,2026-06-29,8,15284.07,4239.86,1380.53,8,16002.04,4076.59,1490.68,65.1,7
903,Boutique Lago Sul 2,Recanto das Emas,Comércio,ME,Masculino,44,Comercial,Consultoria em negociação com fornecedores e clientes,2024-06-30,2024-12-29,3,4707.58,3259.66,482.64,3,4845.38,3340.54,501.61,52.0,9
904,Salão Cristal 4,Planaltina,Serviço,ME,Masculino,37,Finanças,Capacitação em gestão de capital de giro,2025-08-24,2026-02-22,9,6087.86,1923.85,462.67,9,8751.81,2214.34,726.39,92.0,9
905,Salão Sol Nascente 6,Ceilândia,Serviço,ME,Feminino,45,Pessoas,Definição de rotinas e organograma da equipe,2025-01-29,2025-07-30,5,5426.12,1425.74,800.08,5,4786.66,1440.09,669.31,24.6,6
906,Clínica Alvorada 6,Ceilândia,Serviço,EPP,Masculino,51,Pessoas,Programa de treinamento e desenvolvimento de colaboradores,2025-05-01,2025-10-30,37,39283.85,12185.52,732.39,38,54344.01,14077.36,1059.65,84.1,10
907,Studio Cristal 6,Taguatinga,Serviço,ME,Feminino,39,Operações,Plano de melhoria de layout e fluxo logístico/produtivo,2025-12-08,2026-06-08,5,10864.96,2906.85,1591.62,5,11429.5,3081.89,1669.52,48.6,6
908,Oficina Alvorada 4,Taguatinga,Serviço,EPP,Masculino,25,Marketing,Plano de captação de clientes via marketing local,2025-06-02,2025-12-01,27,62037.64,25902.03,1338.36,26,53136.89,23532.8,1138.62,33.1,4
909,Clínica do Planalto 3,Recanto das Emas,Serviço,ME,Masculino,47,Finanças,Separação financeira entre pessoa física e jurídica,2025-02-11,2025-08-12,3,2851.28,1212.89,546.13,3,2987.66,1211.31,592.12,63.3,7
910,Papelaria Meridiano 2,Taguatinga,Comércio,ME,Masculino,24,Finanças,Capacitação em gestão de capital de giro,2026-01-15,2026-07-16,3,5934.83,4020.12,638.24,3,5095.77,3627.57,489.4,27.0,4
911,Indústria do Planalto,Riacho Fundo,Indústria,ME,Masculino,28,Marketing,Criação de plano de marketing digital,2025-06-05,2025-12-04,13,2845.62,1499.98,103.51,13,2670.95,1418.33,96.36,47.4,5
912,Studio Brasília 7,Taguatinga,Serviço,ME,Masculino,19,Marketing,Desenvolvimento de identidade visual e branding,2024-09-02,2025-03-03,3,6630.74,2677.21,1317.84,3,7896.93,2823.61,1691.11,80.8,9
913,Gráfica JK,Ceilândia,Indústria,EPP,Masculino,41,Comercial,Consultoria em negociação com fornecedores e clientes,2024-07-25,2025-01-23,89,30992.32,17861.43,147.54,90,38701.73,21364.05,192.64,66.2,9
914,Studio JK 6,Riacho Fundo,Serviço,EPP,Masculino,41,Comercial,Consultoria em negociação com fornecedores e clientes,2024-12-29,2025-06-29,15,70918.77,28962.97,2797.05,15,66112.03,27495.76,2574.42,45.0,6
915,Manufatura Bandeirante,Samambaia,Indústria,EPP,Masculino,38,Comercial,Implementação de funil de vendas estruturado,2025-08-13,2026-02-11,37,93425.33,51587.74,1130.75,38,124629.33,64293.96,1587.77,74.2,9
916,Fábrica Meridiano,Águas Claras,Indústria,ME,Feminino,33,Finanças,Implementação de fluxo de caixa semanal,2025-02-12,2025-08-13,1,12345.24,7921.56,4423.68,1,15669.19,9375.17,6294.02,78.9,10
917,Estúdio Meridiano 2,Vicente Pires,Serviço,ME,Masculino,40,Comercial,Implementação de funil de vendas estruturado,2024-09-11,2025-03-12,8,12478.15,3843.36,1079.35,8,16374.77,4095.44,1534.92,88.6,10
918,Boutique das Águas Claras 6,Vicente Pires,Comércio,ME,Feminino,36,Comercial,Consultoria em negociação com fornecedores e clientes,2026-01-22,2026-07-23,4,5170.05,3468.26,425.45,4,5903.38,3631.68,567.92,87.1,8
919,Metalúrgica do Planalto,Guará,Indústria,EPP,Masculino,20,Marketing,Desenvolvimento de identidade visual e branding,2024-09-29,2025-03-30,22,80986.67,49532.3,1429.74,22,122497.3,66468.32,2546.77,96.0,10
920,Loja Meridiano 4,Ceilândia,Comércio,ME,Feminino,43,Pessoas,Estruturação de processo seletivo e onboarding,2024-07-22,2025-01-20,1,11016.95,8028.87,2988.08,1,8444.95,6490.16,1954.8,23.5,2
921,Alimentos Talento DF,Gama,Indústria,ME,Feminino,35,Marketing,Criação de plano de marketing digital,2025-01-19,2025-07-20,18,7158.81,4576.98,143.43,18,5732.42,3728.65,111.32,42.6,4
922,Espaço Bandeirante 5,Núcleo Bandeirante,Serviço,ME,Masculino,35,Operações,Implementação de controle de estoque,2024-08-08,2025-02-06,8,18103.27,5956.02,1518.41,8,16227.6,5945.02,1285.32,25.1,7
923,Consultoria Alvorada 4,Vicente Pires,Serviço,ME,Feminino,22,Operações,Implementação de controle de estoque,2025-05-28,2025-11-26,3,7399.88,2884.98,1504.97,3,8112.1,3012.99,1699.71,62.3,7
924,Papelaria das Águas Claras 3,Ceilândia,Comércio,ME,Feminino,39,Finanças,Implementação de fluxo de caixa semanal,2025-02-21,2025-08-22,6,1500.0,912.06,97.99,6,1455.95,869.12,97.81,57.4,6
925,Pet Shop Buriti 3,Plano Piloto,Comércio,EPP,Masculino,27,Marketing,Desenvolvimento de identidade visual e branding,2025-12-18,2026-06-18,20,79217.62,53858.15,1267.97,20,95764.2,61947.55,1690.83,72.0,6
926,Armarinhos JK 3,Plano Piloto,Comércio,EPP,Feminino,21,Comercial,Criação de script de atendimento comercial,2024-09-12,2025-03-13,43,30001.0,17605.94,288.26,43,31131.96,17475.78,317.59,67.0,9
927,Salão Lago Sul 5,Taguatinga,Serviço,EPP,Feminino,26,Marketing,Criação de plano de marketing digital,2024-11-11,2025-05-12,38,124922.09,41760.23,2188.47,38,143051.7,41254.71,2678.87,80.6,6
928,Academia Sol Nascente 3,Guará,Serviço,ME,Masculino,38,Finanças,Consultoria em precificação e formação de preço de venda,2025-07-23,2026-01-21,4,13684.31,5939.64,1936.17,4,15522.55,6292.8,2307.44,69.1,9
929,Escritório Candango 4,Samambaia,Serviço,ME,Feminino,27,Pessoas,Definição de rotinas e organograma da equipe,2025-07-31,2026-01-29,9,6073.79,2503.5,396.7,9,6880.63,2724.6,461.78,60.8,6
930,Distribuidora das Águas Claras 4,Plano Piloto,Comércio,ME,Feminino,50,Pessoas,Programa de treinamento e desenvolvimento de colaboradores,2025-01-07,2025-07-08,3,6786.41,4406.42,793.33,3,7433.85,4985.15,816.23,35.8,7
931,Academia do Cerrado 5,Ceilândia,Serviço,ME,Feminino,31,Finanças,Capacitação em gestão de capital de giro,2025-12-15,2026-06-15,9,9786.42,2734.02,783.6,9,9952.47,2746.07,800.71,52.3,6
932,Boutique Bandeirante 2,Planaltina,Comércio,ME,Feminino,54,Finanças,Separação financeira entre pessoa física e jurídica,2025-10-30,2026-04-30,3,3402.86,2142.83,420.01,3,4161.06,2466.11,564.98,74.7,9
933,Distribuidora Meridiano 3,Taguatinga,Comércio,ME,Feminino,25,Finanças,Implementação de fluxo de caixa semanal,2025-06-09,2025-12-08,8,8366.48,4833.62,441.61,9,11459.18,6336.76,569.16,66.5,10
934,Clínica Cristal 4,Águas Claras,Serviço,ME,Feminino,38,Operações,Plano de melhoria de layout e fluxo logístico/produtivo,2025-08-31,2026-03-01,8,11024.72,2907.28,1014.68,8,12593.55,3196.31,1174.65,56.6,10
935,Estúdio Cristal 4,Taguatinga,Serviço,ME,Masculino,47,Marketing,Consultoria em posicionamento de marca,2025-04-23,2025-10-22,6,9953.06,4292.78,943.38,6,11575.96,4718.39,1142.93,65.8,8
936,Oficina Alvorada 5,Vicente Pires,Serviço,ME,Masculino,40,Finanças,Consultoria em precificação e formação de preço de venda,2025-03-15,2025-09-13,2,5584.99,1945.18,1819.91,2,5960.65,1920.44,2020.11,67.4,8
937,Marcenaria Ipê Amarelo,Taguatinga,Indústria,ME,Feminino,21,Operações,Padronização de processos operacionais,2025-04-29,2025-10-28,15,14506.56,6787.29,514.62,15,15690.27,7411.73,551.9,47.0,4
938,Ótica Buriti 3,Planaltina,Comércio,ME,Feminino,43,Comercial,Treinamento de técnicas de vendas para a equipe,2025-10-29,2026-04-29,7,4397.09,3048.65,192.63,7,4275.29,2957.15,188.31,51.1,7
939,Oficina Alvorada 6,Taguatinga,Serviço,EPP,Masculino,73,Comercial,Consultoria em negociação com fornecedores e clientes,2024-06-10,2024-12-09,44,30001.0,7945.35,501.26,45,37003.67,8434.48,634.87,74.6,10
940,Consultoria do Cerrado 4,Ceilândia,Serviço,ME,Masculino,70,Comercial,Plano de expansão de canais de venda,2024-08-01,2025-01-30,3,5496.59,1809.66,1228.98,3,7005.49,1965.97,1679.84,82.4,8
941,Academia Candango 3,Taguatinga,Serviço,EPP,Feminino,26,Marketing,Criação de plano de marketing digital,2025-03-17,2025-09-15,19,55165.21,16332.11,2043.85,19,64496.63,16956.69,2502.1,72.1,8
942,Oficina Buriti 4,Ceilândia,Serviço,ME,Masculino,45,Comercial,Plano de expansão de canais de venda,2025-05-21,2025-11-19,4,7373.12,2086.05,1321.77,4,8331.02,2157.12,1543.47,66.0,10
943,Indústria Cristal,Taguatinga,Indústria,ME,Feminino,33,Finanças,Separação financeira entre pessoa física e jurídica,2024-09-18,2025-03-19,8,9551.73,5317.54,529.27,8,11691.62,6033.57,707.26,77.1,8
944,Ótica Candango 3,Planaltina,Comércio,ME,Masculino,34,Comercial,Criação de script de atendimento comercial,2025-06-05,2025-12-04,1,6584.48,4569.22,2015.26,2,8912.95,5849.46,1531.74,75.1,9
945,Assessoria Brasília 4,Recanto das Emas,Serviço,EPP,Masculino,37,Pessoas,"Plano de cargos, salários e retenção de talentos",2024-06-15,2024-12-14,16,84313.63,29293.75,3438.74,17,106549.94,35165.52,4199.08,61.6,8
946,Loja Bandeirante 3,Ceilândia,Comércio,ME,Masculino,35,Comercial,Consultoria em negociação com fornecedores e clientes,2024-10-29,2025-04-29,5,16719.8,11940.62,955.84,5,17073.51,12060.05,1002.69,55.2,7
947,Salão Sol Nascente 7,Águas Claras,Serviço,ME,Feminino,41,Pessoas,Capacitação em liderança para o(a) proprietário(a),2025-03-08,2025-09-06,9,9550.69,4140.01,601.19,9,10890.93,4353.4,726.39,72.5,6
948,Papelaria Candango 3,Gama,Comércio,ME,Feminino,50,Marketing,Consultoria em posicionamento de marca,2024-07-01,2024-12-30,2,8371.53,5955.81,1207.86,2,5441.49,4143.35,649.07,0.0,3
949,Consultoria do Cerrado 5,Samambaia,Serviço,ME,Feminino,33,Operações,Mapeamento e otimização de processos internos,2025-06-22,2025-12-21,3,9351.37,4126.75,1741.54,3,11503.81,5067.99,2145.28,50.5,9
950,Ótica Buriti 4,Plano Piloto,Comércio,ME,Feminino,40,Finanças,Separação financeira entre pessoa física e jurídica,2025-04-23,2025-10-22,8,12418.47,9137.6,410.11,7,8072.01,6343.04,247.0,0.0,0
951,Cerâmica JK,Ceilândia,Indústria,ME,Feminino,42,Operações,Implementação de controle de estoque,2025-05-11,2025-11-09,1,9243.37,5698.57,3544.8,1,7400.98,4932.78,2468.2,14.8,3
952,Salão JK 3,Taguatinga,Serviço,ME,Masculino,23,Finanças,Capacitação em gestão de capital de giro,2025-04-10,2025-10-09,1,2701.3,833.42,1867.87,1,3379.2,907.74,2471.46,76.6,8
953,Mercadinho Alvorada 2,Águas Claras,Comércio,ME,Feminino,35,Finanças,Separação financeira entre pessoa física e jurídica,2025-07-27,2026-01-25,9,15381.21,8995.96,709.47,10,20362.64,11271.06,909.16,70.9,8
954,Cerâmica Cristal,Núcleo Bandeirante,Indústria,ME,Masculino,57,Finanças,Plano de redução e renegociação de custos fixos,2025-07-04,2026-01-02,5,8595.57,5117.82,695.55,5,7206.0,4481.79,544.84,32.3,5
955,Academia Lago Sul 2,Núcleo Bandeirante,Serviço,ME,Feminino,42,Finanças,Implementação de fluxo de caixa semanal,2025-07-08,2026-01-06,3,12065.54,5056.74,2336.27,3,10160.39,4422.88,1912.5,39.2,6
956,Oficina Lago Sul 5,Núcleo Bandeirante,Serviço,EPP,Feminino,26,Pessoas,Definição de rotinas e organograma da equipe,2024-10-08,2025-04-08,10,73081.35,30301.33,4278.0,11,106120.6,37808.09,6210.23,88.9,9
957,Boutique Ipê Amarelo 2,Águas Claras,Comércio,EPP,Masculino,47,Pessoas,Estruturação de processo seletivo e onboarding,2025-07-25,2026-01-23,26,30001.0,20362.41,370.71,26,28603.85,20169.28,324.41,32.4,5
958,Espaço Buriti 6,Ceilândia,Serviço,ME,Masculino,70,Operações,Implementação de controle de estoque,2024-09-18,2025-03-19,9,6270.62,2608.41,406.91,10,9180.73,3130.39,605.03,100.0,10
959,Assessoria Meridiano 7,Plano Piloto,Serviço,ME,Feminino,59,Finanças,Consultoria em precificação e formação de preço de venda,2024-06-14,2024-12-13,9,2673.56,1046.52,180.78,10,3256.31,1200.87,205.54,65.1,7
960,Clínica Buriti 4,Samambaia,Serviço,ME,Masculino,36,Pessoas,Estruturação de processo seletivo e onboarding,2026-01-18,2026-07-19,6,2038.26,780.8,209.58,6,2312.48,852.2,243.38,59.7,5
961,Boutique do Cerrado 3,Ceilândia,Comércio,ME,Feminino,35,Operações,Padronização de processos operacionais,2024-09-18,2025-03-19,7,4539.52,2539.02,285.79,7,6743.62,3308.52,490.73,95.8,10
962,Estúdio Alvorada 4,Ceilândia,Serviço,ME,Feminino,39,Comercial,Implementação de funil de vendas estruturado,2024-08-09,2025-02-07,6,10911.51,3732.77,1196.46,6,10558.12,3813.01,1124.18,37.3,9
963,Consultoria Meridiano 6,Águas Claras,Serviço,ME,Masculino,51,Comercial,Criação de script de atendimento comercial,2024-12-02,2025-06-02,7,17429.71,4475.41,1850.61,7,16447.01,4590.68,1693.76,35.1,6
964,Empório Sol Nascente 3,Plano Piloto,Comércio,EPP,Feminino,52,Marketing,Plano de captação de clientes via marketing local,2026-01-31,2026-08-01,30,32794.65,18642.91,471.72,30,34675.79,19660.27,500.52,51.0,6
965,Academia Ipê Amarelo 3,Taguatinga,Serviço,ME,Masculino,54,Finanças,Implementação de fluxo de caixa semanal,2025-11-10,2026-05-11,2,9589.07,3434.82,3077.13,2,10655.85,3508.45,3573.7,69.3,7
966,Loja Talento DF 2,Guará,Comércio,EPP,Feminino,41,Comercial,Plano de expansão de canais de venda,2025-08-14,2026-02-12,44,70262.2,39311.41,703.43,44,54311.67,32619.36,493.01,22.6,5
967,Clínica Brasília 5,Plano Piloto,Serviço,ME,Masculino,32,Operações,Implementação de controle de estoque,2024-09-23,2025-03-24,8,4255.04,1840.92,301.77,8,4418.9,1846.85,321.51,59.8,5
968,Manufatura Meridiano,São Sebastião,Indústria,ME,Masculino,37,Finanças,Consultoria em precificação e formação de preço de venda,2025-06-19,2025-12-18,3,4997.65,2699.07,766.19,3,4525.24,2552.54,657.57,34.0,4
969,Mercadinho Lago Sul 2,Samambaia,Comércio,ME,Feminino,28,Comercial,Criação de script de atendimento comercial,2025-10-22,2026-04-22,1,18099.99,12488.87,5611.12,1,18492.97,12818.28,5674.69,47.9,9
970,Consultoria Candango 3,Planaltina,Serviço,ME,Feminino,20,Marketing,Plano de captação de clientes via marketing local,2024-12-25,2025-06-25,8,3643.6,1018.6,328.13,8,3901.73,1072.62,353.64,53.1,9
971,Loja Sol Nascente 2,Taguatinga,Comércio,ME,Masculino,35,Operações,Consultoria em gestão da qualidade,2024-11-06,2025-05-07,1,28233.39,20314.46,7918.93,1,29379.48,21090.62,8288.86,51.1,6
972,Assessoria do Planalto 5,Planaltina,Serviço,ME,Masculino,44,Pessoas,Estruturação de processo seletivo e onboarding,2025-11-12,2026-05-13,8,24657.08,8521.82,2016.91,8,26039.15,8823.71,2151.93,54.5,8
973,Clínica das Águas Claras 5,Taguatinga,Serviço,ME,Masculino,47,Operações,Padronização de processos operacionais,2024-08-20,2025-02-18,9,28797.1,10417.5,2042.18,9,32198.97,11073.39,2347.29,61.9,7
974,Oficina Lago Sul 6,Taguatinga,Serviço,ME,Masculino,49,Marketing,Estruturação de presença em redes sociais,2025-12-08,2026-06-08,1,10052.91,3817.06,6235.85,1,10919.57,3941.38,6978.19,62.5,5
975,Mercearia Bandeirante 3,Recanto das Emas,Comércio,ME,Feminino,48,Marketing,Estruturação de presença em redes sociais,2025-03-20,2025-09-18,8,6517.73,4288.54,278.65,8,5376.32,3706.06,208.78,29.1,6
976,Academia Alvorada 4,Samambaia,Serviço,ME,Feminino,45,Marketing,Consultoria em posicionamento de marca,2025-08-15,2026-02-13,2,9907.08,3592.68,3157.2,1,6564.21,2689.6,3874.61,18.6,5
977,Espaço Lago Sul 4,Taguatinga,Serviço,EPP,Masculino,54,Marketing,Criação de plano de marketing digital,2025-01-13,2025-07-14,21,79464.42,31698.73,2274.56,21,87303.03,34131.53,2531.98,55.3,10
978,Clínica Brasília 6,Vicente Pires,Serviço,ME,Feminino,19,Finanças,Separação financeira entre pessoa física e jurídica,2025-08-08,2026-02-06,5,13798.95,5675.43,1624.7,4,12399.41,5198.38,1800.26,44.7,7
979,Estúdio do Cerrado 5,Ceilândia,Serviço,ME,Masculino,36,Marketing,Desenvolvimento de identidade visual e branding,2025-12-17,2026-06-17,7,5413.93,1685.0,532.71,6,4036.35,1458.06,429.71,14.9,4
980,Academia Buriti 3,Gama,Serviço,ME,Feminino,28,Marketing,Estruturação de presença em redes sociais,2025-03-28,2025-09-26,1,4131.83,1794.91,2336.92,1,4786.21,1880.31,2905.9,77.7,8
981,Clínica Bandeirante 6,Gama,Serviço,ME,Feminino,19,Comercial,Plano de expansão de canais de venda,2024-10-08,2025-04-08,1,6746.88,2164.26,4582.62,1,5624.34,1896.97,3727.37,39.0,7
982,Salão Bandeirante 7,Samambaia,Serviço,EPP,Masculino,34,Operações,Padronização de processos operacionais,2024-07-18,2025-01-16,21,32634.91,9936.19,1080.89,21,31001.05,10610.58,970.97,24.8,3
983,Studio Meridiano 6,Águas Claras,Serviço,ME,Masculino,46,Marketing,Plano de captação de clientes via marketing local,2025-12-17,2026-06-17,7,5033.2,1571.8,494.49,7,6182.15,1601.4,654.39,85.5,7
984,Ótica Candango 4,Ceilândia,Comércio,ME,Masculino,48,Comercial,Implementação de funil de vendas estruturado,2026-01-31,2026-08-01,4,16843.64,10471.75,1592.97,4,21426.35,12710.18,2179.04,69.0,7
985,Escritório do Planalto 4,Santa Maria,Serviço,ME,Masculino,60,Finanças,Capacitação em gestão de capital de giro,2025-07-03,2026-01-01,3,5526.66,1731.98,1264.89,3,5974.49,1754.03,1406.82,63.2,7
986,Distribuidora Alvorada 2,Taguatinga,Comércio,ME,Masculino,55,Finanças,Plano de redução e renegociação de custos fixos,2024-06-10,2024-12-09,2,8472.51,6089.61,1191.45,2,11136.83,7603.67,1766.58,74.0,8
987,Escritório Bandeirante 3,Taguatinga,Serviço,ME,Masculino,55,Comercial,Implementação de funil de vendas estruturado,2025-11-22,2026-05-23,9,14429.37,5226.76,1022.51,8,10827.33,4243.56,822.97,30.2,2
988,Espaço Talento DF 6,Plano Piloto,Serviço,ME,Masculino,30,Comercial,Consultoria em negociação com fornecedores e clientes,2025-03-30,2025-09-28,7,17241.98,7647.32,1370.67,7,18850.21,8151.38,1528.4,57.4,6
989,Consultoria das Águas Claras 4,Riacho Fundo,Serviço,ME,Masculino,59,Finanças,Capacitação em gestão de capital de giro,2024-10-21,2025-04-21,9,9066.42,2418.84,738.62,9,7666.64,2204.09,606.95,36.2,6
990,Estúdio Meridiano 3,Sobradinho,Serviço,ME,Masculino,45,Finanças,Separação financeira entre pessoa física e jurídica,2025-01-10,2025-07-11,5,10074.62,3755.78,1263.77,6,12000.0,4433.95,1261.01,52.2,6
991,Assessoria das Águas Claras 5,Vicente Pires,Serviço,ME,Masculino,60,Finanças,Implementação de fluxo de caixa semanal,2025-12-27,2026-06-27,8,4345.96,1169.95,397.0,8,4580.12,1224.06,419.51,51.3,8
992,Pet Shop Alvorada 2,Recanto das Emas,Comércio,ME,Masculino,27,Operações,Padronização de processos operacionais,2025-09-17,2026-03-18,6,14780.01,9485.37,882.44,6,21238.21,12116.83,1520.23,97.5,8
993,Consultoria Buriti 2,Guará,Serviço,EPP,Feminino,29,Operações,Consultoria em gestão da qualidade,2025-05-31,2025-11-29,31,74460.63,24314.9,1617.6,31,102760.06,27421.21,2430.29,89.8,10
994,Consultoria Buriti 3,Planaltina,Serviço,ME,Masculino,74,Comercial,Implementação de funil de vendas estruturado,2025-08-23,2026-02-21,5,17073.98,6593.2,2096.16,6,21990.5,7370.23,2436.71,84.0,8
995,Assessoria JK 4,Riacho Fundo,Serviço,ME,Feminino,28,Finanças,Implementação de fluxo de caixa semanal,2025-10-31,2026-05-01,5,2604.47,1039.42,313.01,5,2678.84,1083.96,318.98,46.3,6
996,Salão Buriti 5,Planaltina,Serviço,EPP,Feminino,42,Finanças,Separação financeira entre pessoa física e jurídica,2025-06-19,2025-12-18,26,30001.0,8928.86,810.47,26,39366.66,9950.66,1131.38,79.9,7
997,Estúdio das Águas Claras 5,Plano Piloto,Serviço,ME,Masculino,42,Finanças,Capacitação em gestão de capital de giro,2024-12-09,2025-06-09,6,23039.47,6652.49,2731.16,6,28903.38,7266.11,3606.21,74.9,10
998,Oficina do Cerrado 6,Recanto das Emas,Serviço,ME,Feminino,25,Comercial,Implementação de funil de vendas estruturado,2024-07-16,2025-01-14,5,5254.3,1754.42,699.98,5,5570.77,1828.34,748.49,53.8,8
999,Estúdio Talento DF 5,Gama,Serviço,ME,Masculino,21,Finanças,Separação financeira entre pessoa física e jurídica,2024-08-15,2025-02-13,9,11429.76,3410.61,891.02,9,12402.32,3631.99,974.48,53.7,7
1000,Consultoria das Águas Claras 5,Taguatinga,Serviço,EPP,Masculino,63,Comercial,Treinamento de técnicas de vendas para a equipe,2024-10-23,2025-04-23,45,84585.14,32592.75,1155.39,46,111909.56,39546.02,1573.12,71.3,8
